state,county,current_votes,total_votes,percent,DEM,REP,usa_state,usa_state_code,percent_democrat,percent_republican,vote_margin,current_votes_percent,total_votes_percent,winning_candidate,winning_votes,margin_of_victory
Delaware,Kent County,85415,172440,100,295413,199857,Delaware,DE,59.6468592888727,40.3531407111272,-95556,49.53317095772713,99.99999999942008,total_votes,172440,87025
Delaware,New Castle County,280039,567672,100,295413,199857,Delaware,DE,59.6468592888727,40.3531407111272,-95556,49.33112783429633,99.99999999982384,total_votes,567672,287633
Delaware,Sussex County,127181,256533,100,295413,199857,Delaware,DE,59.6468592888727,40.3531407111272,-95556,49.57685755809359,99.99999999961018,total_votes,256533,129352
Indiana,Adams County,14154,28363,100,1239529,1727085,Indiana,IN,41.7826181633336,58.2173818366663,487556,49.90304269471132,99.99999999647427,total_votes,28363,14209
Indiana,Allen County,168312,337394,100,1239529,1727085,Indiana,IN,41.7826181633336,58.2173818366663,487556,49.88589008681279,99.9999999997036,total_votes,337394,169082
Indiana,Bartholomew County,36037,72272,100,1239529,1727085,Indiana,IN,41.7826181633336,58.2173818366663,487556,49.86301748879424,99.99999999861635,total_votes,72272,36235
Indiana,Benton County,4100,8214,100,1239529,1727085,Indiana,IN,41.7826181633336,58.2173818366663,487556,49.91477963843258,99.99999998782566,total_votes,8214,4114
Indiana,Blackford County,5283,10633,100,1239529,1727085,Indiana,IN,41.7826181633336,58.2173818366663,487556,49.684943096991915,99.99999999059531,total_votes,10633,5350
Indiana,Boone County,38492,77012,100,1239529,1727085,Indiana,IN,41.7826181633336,58.2173818366663,487556,49.98182101425776,99.99999999870151,total_votes,77012,38520
Indiana,Brown County,8957,17938,100,1239529,1727085,Indiana,IN,41.7826181633336,58.2173818366663,487556,49.933102907239764,99.99999999442524,total_votes,17938,8981
Indiana,Carroll County,9510,19020,100,1239529,1727085,Indiana,IN,41.7826181633336,58.2173818366663,487556,49.999999997371184,99.99999999474237,total_votes,19020,9510
Indiana,Cass County,15146,30344,100,1239529,1727085,Indiana,IN,41.7826181633336,58.2173818366663,487556,49.91431584333264,99.99999999670446,total_votes,30344,15198
Indiana,Clark County,57426,115295,100,1239529,1727085,Indiana,IN,41.7826181633336,58.2173818366663,487556,49.807884122903786,99.99999999913265,total_votes,115295,57869
Indiana,Clay County,12186,24453,100,1239529,1727085,Indiana,IN,41.7826181633336,58.2173818366663,487556,49.83437614812766,99.99999999591051,total_votes,24453,12267
Indiana,Clinton County,12891,25840,100,1239529,1727085,Indiana,IN,41.7826181633336,58.2173818366663,487556,49.88777089590218,99.99999999613003,total_votes,25840,12949
Indiana,Crawford County,4859,9803,100,1239529,1727085,Indiana,IN,41.7826181633336,58.2173818366663,487556,49.56645924211298,99.99999998979904,total_votes,9803,4944
Indiana,Daviess County,11860,23814,100,1239529,1727085,Indiana,IN,41.7826181633336,58.2173818366663,487556,49.80263710213308,99.99999999580079,total_votes,23814,11954
Indiana,Dearborn County,25295,50678,100,1239529,1727085,Indiana,IN,41.7826181633336,58.2173818366663,487556,49.913177314615545,99.99999999802675,total_votes,50678,25383
Indiana,Decatur County,12260,24495,95,1239529,1727085,Indiana,IN,41.7826181633336,58.2173818366663,487556,50.05103082057354,99.99999999591753,total_votes,24495,12235
Indiana,Dekalb County,19493,39121,100,1239529,1727085,Indiana,IN,41.7826181633336,58.2173818366663,487556,49.82745839702903,99.99999999744382,total_votes,39121,19628
Indiana,Delaware County,47949,96140,100,1239529,1727085,Indiana,IN,41.7826181633336,58.2173818366663,487556,49.87414187591144,99.99999999895985,total_votes,96140,48191
Indiana,Dubois County,21588,43358,100,1239529,1727085,Indiana,IN,41.7826181633336,58.2173818366663,487556,49.79011946930693,99.99999999769362,total_votes,43358,21770
Indiana,Elkhart County,74425,148850,100,1239529,1727085,Indiana,IN,41.7826181633336,58.2173818366663,487556,49.99999999966409,99.99999999932818,total_votes,148850,74425
Indiana,Fayette County,10054,20190,100,1239529,1727085,Indiana,IN,41.7826181633336,58.2173818366663,487556,49.79692917039144,99.99999999504705,total_votes,20190,10136
Indiana,Floyd County,41589,83391,100,1239529,1727085,Indiana,IN,41.7826181633336,58.2173818366663,487556,49.87228837584545,99.99999999880083,total_votes,83391,41802
Indiana,Fountain County,7952,15938,100,1239529,1727085,Indiana,IN,41.7826181633336,58.2173818366663,487556,49.89333667650311,99.99999999372568,total_votes,15938,7986
Indiana,Franklin County,11822,23822,100,1239529,1727085,Indiana,IN,41.7826181633336,58.2173818366663,487556,49.626395766534024,99.9999999958022,total_votes,23822,12000
Indiana,Fulton County,9123,18270,100,1239529,1727085,Indiana,IN,41.7826181633336,58.2173818366663,487556,49.93431855227507,99.99999999452655,total_votes,18270,9147
Indiana,Gibson County,16130,32291,100,1239529,1727085,Indiana,IN,41.7826181633336,58.2173818366663,487556,49.95199900746486,99.99999999690317,total_votes,32291,16161
Indiana,Grant County,27021,54180,100,1239529,1727085,Indiana,IN,41.7826181633336,58.2173818366663,487556,49.87264673219135,99.9999999981543,total_votes,54180,27159
Indiana,Greene County,14694,29478,100,1239529,1727085,Indiana,IN,41.7826181633336,58.2173818366663,487556,49.847343780112375,99.99999999660764,total_votes,29478,14784
Indiana,Hamilton County,193584,387583,100,1239529,1727085,Indiana,IN,41.7826181633336,58.2173818366663,487556,49.94646308003719,99.99999999974199,total_votes,387583,193999
Indiana,Hancock County,42809,85720,100,1239529,1727085,Indiana,IN,41.7826181633336,58.2173818366663,487556,49.940503965819644,99.99999999883342,total_votes,85720,42911
Indiana,Harrison County,20199,40435,100,1239529,1727085,Indiana,IN,41.7826181633336,58.2173818366663,487556,49.95424755657341,99.99999999752688,total_votes,40435,20236
Indiana,Hendricks County,88122,176627,100,1239529,1727085,Indiana,IN,41.7826181633336,58.2173818366663,487556,49.891579429815984,99.99999999943383,total_votes,176627,88505
Indiana,Henry County,21061,42221,100,1239529,1727085,Indiana,IN,41.7826181633336,58.2173818366663,487556,49.88275976291697,99.9999999976315,total_votes,42221,21160
Indiana,Howard County,40547,81177,100,1239529,1727085,Indiana,IN,41.7826181633336,58.2173818366663,487556,49.94887714438882,99.99999999876813,total_votes,81177,40630
Indiana,Huntington County,17731,35560,100,1239529,1727085,Indiana,IN,41.7826181633336,58.2173818366663,487556,49.862204723007245,99.99999999718784,total_votes,35560,17829
Indiana,Jackson County,19136,38374,100,1239529,1727085,Indiana,IN,41.7826181633336,58.2173818366663,487556,49.867097512642225,99.99999999739407,total_votes,38374,19238
Indiana,Jasper County,15371,30846,100,1239529,1727085,Indiana,IN,41.7826181633336,58.2173818366663,487556,49.83142060397356,99.99999999675808,total_votes,30846,15475
Indiana,Jay County,8405,16866,100,1239529,1727085,Indiana,IN,41.7826181633336,58.2173818366663,487556,49.833985530070315,99.9999999940709,total_votes,16866,8461
Indiana,Jefferson County,14537,29234,100,1239529,1727085,Indiana,IN,41.7826181633336,58.2173818366663,487556,49.726346033737215,99.99999999657932,total_votes,29234,14697
Indiana,Jennings County,12153,24404,100,1239529,1727085,Indiana,IN,41.7826181633336,58.2173818366663,487556,49.79921324168991,99.99999999590231,total_votes,24404,12251
Indiana,Johnson County,77274,154892,100,1239529,1727085,Indiana,IN,41.7826181633336,58.2173818366663,487556,49.88895488437176,99.99999999935439,total_votes,154892,77618
Indiana,Knox County,15840,31851,100,1239529,1727085,Indiana,IN,41.7826181633336,58.2173818366663,487556,49.731562586740395,99.99999999686038,total_votes,31851,16011
Indiana,Kosciusko County,35658,71445,100,1239529,1727085,Indiana,IN,41.7826181633336,58.2173818366663,487556,49.909720763525655,99.99999999860033,total_votes,71445,35787
Indiana,Lagrange County,10575,21208,100,1239529,1727085,Indiana,IN,41.7826181633336,58.2173818366663,487556,49.86325914514036,99.9999999952848,total_votes,21208,10633
Indiana,Lake County,217232,437188,100,1239529,1727085,Indiana,IN,41.7826181633336,58.2173818366663,487556,49.68846354417393,99.99999999977126,total_votes,437188,219956
Indiana,Laporte County,48618,98010,100,1239529,1727085,Indiana,IN,41.7826181633336,58.2173818366663,487556,49.605142331908944,99.9999999989797,total_votes,98010,49392
Indiana,Lawrence County,20868,41893,100,1239529,1727085,Indiana,IN,41.7826181633336,58.2173818366663,487556,49.812617858596596,99.99999999761296,total_votes,41893,21025
Indiana,Madison County,51806,103612,100,1239529,1727085,Indiana,IN,41.7826181633336,58.2173818366663,487556,49.999999999517435,99.99999999903487,total_votes,103612,51806
Indiana,Marion County,390854,781708,100,1239529,1727085,Indiana,IN,41.7826181633336,58.2173818366663,487556,49.99999999993604,99.99999999987207,total_votes,781708,390854
Indiana,Marshall County,19804,39731,100,1239529,1727085,Indiana,IN,41.7826181633336,58.2173818366663,487556,49.845209029477104,99.99999999748307,total_votes,39731,19927
Indiana,Martin County,5118,10262,100,1239529,1727085,Indiana,IN,41.7826181633336,58.2173818366663,487556,49.873319036262586,99.9999999902553,total_votes,10262,5144
Indiana,Miami County,14361,28834,100,1239529,1727085,Indiana,IN,41.7826181633336,58.2173818366663,487556,49.80578483561747,99.99999999653187,total_votes,28834,14473
Indiana,Monroe County,62523,125674,100,1239529,1727085,Indiana,IN,41.7826181633336,58.2173818366663,487556,49.75014720586796,99.99999999920429,total_votes,125674,63151
Indiana,Montgomery County,17184,34382,100,1239529,1727085,Indiana,IN,41.7826181633336,58.2173818366663,487556,49.9796405081153,99.9999999970915,total_votes,34382,17198
Indiana,Morgan County,35947,72106,100,1239529,1727085,Indiana,IN,41.7826181633336,58.2173818366663,487556,49.85299420228756,99.99999999861316,total_votes,72106,36159
Indiana,Newton County,6556,13147,100,1239529,1727085,Indiana,IN,41.7826181633336,58.2173818366663,487556,49.86688978094874,99.9999999923937,total_votes,13147,6591
Indiana,Noble County,19088,38278,100,1239529,1727085,Indiana,IN,41.7826181633336,58.2173818366663,487556,49.86676419745371,99.99999999738753,total_votes,38278,19190
Indiana,Ohio County,3186,6372,100,1239529,1727085,Indiana,IN,41.7826181633336,58.2173818366663,487556,49.999999992153164,99.99999998430633,total_votes,6372,3186
Indiana,Orange County,8759,17591,100,1239529,1727085,Indiana,IN,41.7826181633336,58.2173818366663,487556,49.792507529430246,99.99999999431527,total_votes,17591,8832
Indiana,Owen County,9846,19750,100,1239529,1727085,Indiana,IN,41.7826181633336,58.2173818366663,487556,49.85316455443781,99.9999999949367,total_votes,19750,9904
Indiana,Parke County,6972,13983,100,1239529,1727085,Indiana,IN,41.7826181633336,58.2173818366663,487556,49.86054494387037,99.99999999284846,total_votes,13983,7011
Indiana,Perry County,8648,17370,100,1239529,1727085,Indiana,IN,41.7826181633336,58.2173818366663,487556,49.7869890587342,99.99999999424296,total_votes,17370,8722
Indiana,Pike County,6141,12361,100,1239529,1727085,Indiana,IN,41.7826181633336,58.2173818366663,487556,49.6804465617927,99.99999999191004,total_votes,12361,6220
Indiana,Porter County,86524,173048,100,1239529,1727085,Indiana,IN,41.7826181633336,58.2173818366663,487556,49.99999999971106,99.99999999942212,total_votes,173048,86524
Indiana,Posey County,13230,26466,100,1239529,1727085,Indiana,IN,41.7826181633336,58.2173818366663,487556,49.98866469999287,99.99999999622156,total_votes,26466,13236
Indiana,Pulaski County,5768,11574,100,1239529,1727085,Indiana,IN,41.7826181633336,58.2173818366663,487556,49.83583894506343,99.99999999135994,total_votes,11574,5806
Indiana,Putnam County,16520,33117,100,1239529,1727085,Indiana,IN,41.7826181633336,58.2173818366663,487556,49.8837455068429,99.9999999969804,total_votes,33117,16597
Indiana,Randolph County,10994,22064,100,1239529,1727085,Indiana,IN,41.7826181633336,58.2173818366663,487556,49.82777374683522,99.99999999546773,total_votes,22064,11070
Indiana,Ripley County,14207,28478,100,1239529,1727085,Indiana,IN,41.7826181633336,58.2173818366663,487556,49.88763255671439,99.99999999648853,total_votes,28478,14271
Indiana,Rush County,7880,15812,100,1239529,1727085,Indiana,IN,41.7826181633336,58.2173818366663,487556,49.83556791994462,99.99999999367569,total_votes,15812,7932
Indiana,St. Joseph County,114693,229931,100,1239529,1727085,Indiana,IN,41.7826181633336,58.2173818366663,487556,49.88148618476899,99.99999999956508,total_votes,229931,115238
Indiana,Scott County,9970,20131,100,1239529,1727085,Indiana,IN,41.7826181633336,58.2173818366663,487556,49.525607269905834,99.99999999503254,total_votes,20131,10161
Indiana,Shelby County,19867,39858,100,1239529,1727085,Indiana,IN,41.7826181633336,58.2173818366663,487556,49.84444778840272,99.9999999974911,total_votes,39858,19991
Indiana,Spencer County,10659,21428,100,1239529,1727085,Indiana,IN,41.7826181633336,58.2173818366663,487556,49.743326486384944,99.99999999533321,total_votes,21428,10769
Indiana,Starke County,10183,20473,100,1239529,1727085,Indiana,IN,41.7826181633336,58.2173818366663,487556,49.738680210533936,99.99999999511552,total_votes,20473,10290
Indiana,Steuben County,16085,32247,100,1239529,1727085,Indiana,IN,41.7826181633336,58.2173818366663,487556,49.88060904735694,99.99999999689894,total_votes,32247,16162
Indiana,Sullivan County,8916,17910,100,1239529,1727085,Indiana,IN,41.7826181633336,58.2173818366663,487556,49.78224455333432,99.99999999441653,total_votes,17910,8994
Indiana,Switzerland County,4080,8234,100,1239529,1727085,Indiana,IN,41.7826181633336,58.2173818366663,487556,49.55064366655931,99.99999998785523,total_votes,8234,4154
Indiana,Tippecanoe County,71215,142663,100,1239529,1727085,Indiana,IN,41.7826181633336,58.2173818366663,487556,49.918339022381986,99.99999999929904,total_votes,142663,71448
Indiana,Tipton County,8076,16192,100,1239529,1727085,Indiana,IN,41.7826181633336,58.2173818366663,487556,49.87648221035842,99.9999999938241,total_votes,16192,8116
Indiana,Union County,3459,6942,100,1239529,1727085,Indiana,IN,41.7826181633336,58.2173818366663,487556,49.82713914580421,99.99999998559493,total_votes,6942,3483
Indiana,Vanderburgh County,77390,155052,100,1239529,1727085,Indiana,IN,41.7826181633336,58.2173818366663,487556,49.91228749032639,99.99999999935505,total_votes,155052,77662
Indiana,Vermillion County,7386,14867,100,1239529,1727085,Indiana,IN,41.7826181633336,58.2173818366663,487556,49.68050043386826,99.99999999327369,total_votes,14867,7481
Indiana,Vigo County,43335,86929,100,1239529,1727085,Indiana,IN,41.7826181633336,58.2173818366663,487556,49.85102784974116,99.99999999884965,total_votes,86929,43594
Indiana,Wabash County,14511,29084,100,1239529,1727085,Indiana,IN,41.7826181633336,58.2173818366663,487556,49.893412183678535,99.99999999656168,total_votes,29084,14573
Indiana,Warren County,4458,8930,100,1239529,1727085,Indiana,IN,41.7826181633336,58.2173818366663,487556,49.921612536402954,99.99999998880179,total_votes,8930,4472
Indiana,Warrick County,33524,67353,100,1239529,1727085,Indiana,IN,41.7826181633336,58.2173818366663,487556,49.77358098303308,99.99999999851529,total_votes,67353,33829
Indiana,Washington County,12073,24212,100,1239529,1727085,Indiana,IN,41.7826181633336,58.2173818366663,487556,49.86370394639585,99.99999999586981,total_votes,24212,12139
Indiana,Wayne County,27620,55299,100,1239529,1727085,Indiana,IN,41.7826181633336,58.2173818366663,487556,49.94665364563651,99.99999999819164,total_votes,55299,27679
Indiana,Wells County,14050,28100,100,1239529,1727085,Indiana,IN,41.7826181633336,58.2173818366663,487556,49.99999999822064,99.99999999644128,total_votes,28100,14050
Indiana,White County,11138,22304,100,1239529,1727085,Indiana,IN,41.7826181633336,58.2173818366663,487556,49.937230987718024,99.9999999955165,total_votes,22304,11166
Indiana,Whitley County,17451,35007,100,1239529,1727085,Indiana,IN,41.7826181633336,58.2173818366663,487556,49.8500299925772,99.99999999714343,total_votes,35007,17556
Missouri,Adair County,10318,20654,100,1242851,1711848,Missouri,MO,42.0635401440214,57.9364598559785,468997,49.95642490316857,99.99999999515832,total_votes,20654,10336
Missouri,Andrew County,9733,19485,100,1242851,1711848,Missouri,MO,42.0635401440214,57.9364598559785,468997,49.951244544523924,99.99999999486785,total_votes,19485,9752
Missouri,Atchison County,2770,5584,100,1242851,1711848,Missouri,MO,42.0635401440214,57.9364598559785,468997,49.60601718309348,99.99999998209168,total_votes,5584,2814
Missouri,Audrain County,10608,21264,100,1242851,1711848,Missouri,MO,42.0635401440214,57.9364598559785,468997,49.88713318049816,99.99999999529722,total_votes,21264,10656
Missouri,Barry County,15527,31125,100,1242851,1711848,Missouri,MO,42.0635401440214,57.9364598559785,468997,49.88594377349764,99.99999999678715,total_votes,31125,15598
Missouri,Barton County,6032,12109,100,1242851,1711848,Missouri,MO,42.0635401440214,57.9364598559785,468997,49.814187790088845,99.99999999174167,total_votes,12109,6077
Missouri,Bates County,8357,16773,100,1242851,1711848,Missouri,MO,42.0635401440214,57.9364598559785,468997,49.82412209802515,99.99999999403803,total_votes,16773,8416
Missouri,Benton County,10433,20909,100,1242851,1711848,Missouri,MO,42.0635401440214,57.9364598559785,468997,49.89717346358519,99.99999999521737,total_votes,20909,10476
Missouri,Bollinger County,5948,11931,100,1242851,1711848,Missouri,MO,42.0635401440214,57.9364598559785,468997,49.853323271322324,99.99999999161847,total_votes,11931,5983
Missouri,Boone County,90705,181873,100,1242851,1711848,Missouri,MO,42.0635401440214,57.9364598559785,468997,49.87271337664264,99.99999999945017,total_votes,181873,91168
Missouri,Buchanan County,36394,72992,100,1242851,1711848,Missouri,MO,42.0635401440214,57.9364598559785,468997,49.86025865780003,99.99999999863,total_votes,72992,36598
Missouri,Butler County,18004,36145,100,1242851,1711848,Missouri,MO,42.0635401440214,57.9364598559785,468997,49.81048554295724,99.99999999723337,total_votes,36145,18141
Missouri,Caldwell County,4650,9345,100,1242851,1711848,Missouri,MO,42.0635401440214,57.9364598559785,468997,49.75922952918574,99.99999998929908,total_votes,9345,4695
Missouri,Callaway County,21101,42245,100,1242851,1711848,Missouri,MO,42.0635401440214,57.9364598559785,468997,49.94910640194226,99.99999999763286,total_votes,42245,21144
Missouri,Camden County,24728,49540,100,1242851,1711848,Missouri,MO,42.0635401440214,57.9364598559785,468997,49.91522002321528,99.99999999798142,total_votes,49540,24812
Missouri,Cape Girardeau County,40161,80489,100,1242851,1711848,Missouri,MO,42.0635401440214,57.9364598559785,468997,49.89625911553261,99.9999999987576,total_votes,80489,40328
Missouri,Carroll County,4498,9030,100,1242851,1711848,Missouri,MO,42.0635401440214,57.9364598559785,468997,49.811738643431696,99.99999998892581,total_votes,9030,4532
Missouri,Carter County,2861,5758,100,1242851,1711848,Missouri,MO,42.0635401440214,57.9364598559785,468997,49.687391446737166,99.99999998263284,total_votes,5758,2897
Missouri,Cass County,57142,114550,100,1242851,1711848,Missouri,MO,42.0635401440214,57.9364598559785,468997,49.88389349585435,99.99999999912703,total_votes,114550,57408
Missouri,Cedar County,7029,14073,100,1242851,1711848,Missouri,MO,42.0635401440214,57.9364598559785,468997,49.94670645562803,99.99999999289419,total_votes,14073,7044
Missouri,Chariton County,4072,8149,100,1242851,1711848,Missouri,MO,42.0635401440214,57.9364598559785,468997,49.96932138299554,99.99999998772854,total_votes,8149,4077
Missouri,Christian County,46660,93499,100,1242851,1711848,Missouri,MO,42.0635401440214,57.9364598559785,468997,49.90427705055772,99.99999999893048,total_votes,93499,46839
Missouri,Clark County,3372,6766,100,1242851,1711848,Missouri,MO,42.0635401440214,57.9364598559785,468997,49.83742239878253,99.99999998522021,total_votes,6766,3394
Missouri,Clay County,125878,252447,100,1242851,1711848,Missouri,MO,42.0635401440214,57.9364598559785,468997,49.86313958949854,99.99999999960387,total_votes,252447,126569
Missouri,Clinton County,10824,21712,100,1242851,1711848,Missouri,MO,42.0635401440214,57.9364598559785,468997,49.85261606255285,99.99999999539425,total_votes,21712,10888
Missouri,Cole County,39573,79146,100,1242851,1711848,Missouri,MO,42.0635401440214,57.9364598559785,468997,49.999999999368264,99.99999999873653,total_votes,79146,39573
Missouri,Cooper County,8666,17359,100,1242851,1711848,Missouri,MO,42.0635401440214,57.9364598559785,468997,49.922230540358186,99.9999999942393,total_votes,17359,8693
Missouri,Crawford County,10932,21905,100,1242851,1711848,Missouri,MO,42.0635401440214,57.9364598559785,468997,49.90641405843842,99.99999999543483,total_votes,21905,10973
Missouri,Dade County,4105,8224,100,1242851,1711848,Missouri,MO,42.0635401440214,57.9364598559785,468997,49.91488326241307,99.99999998784045,total_votes,8224,4119
Missouri,Dallas County,8095,16199,100,1242851,1711848,Missouri,MO,42.0635401440214,57.9364598559785,468997,49.972220504353835,99.99999999382678,total_votes,16199,8104
Missouri,Daviess County,3880,7791,100,1242851,1711848,Missouri,MO,42.0635401440214,57.9364598559785,468997,49.801052490078156,99.99999998716468,total_votes,7791,3911
Missouri,Dekalb County,4816,9659,100,1242851,1711848,Missouri,MO,42.0635401440214,57.9364598559785,468997,49.86023397351069,99.99999998964697,total_votes,9659,4843
Missouri,Dent County,7113,14255,100,1242851,1711848,Missouri,MO,42.0635401440214,57.9364598559785,468997,49.89828130130493,99.99999999298491,total_votes,14255,7142
Missouri,Douglas County,6971,13971,100,1242851,1711848,Missouri,MO,42.0635401440214,57.9364598559785,468997,49.89621358171239,99.99999999284232,total_votes,13971,7000
Missouri,Dunklin County,10309,20728,100,1242851,1711848,Missouri,MO,42.0635401440214,57.9364598559785,468997,49.73465843063804,99.9999999951756,total_votes,20728,10419
Missouri,Franklin County,53370,107055,100,1242851,1711848,Missouri,MO,42.0635401440214,57.9364598559785,468997,49.85287936061041,99.9999999990659,total_votes,107055,53685
Missouri,Gasconade County,7870,15793,100,1242851,1711848,Missouri,MO,42.0635401440214,57.9364598559785,468997,49.832204137919824,99.99999999366807,total_votes,15793,7923
Missouri,Gentry County,3220,6457,100,1242851,1711848,Missouri,MO,42.0635401440214,57.9364598559785,468997,49.8683599117441,99.99999998451293,total_votes,6457,3237
Missouri,Greene County,141624,283424,100,1242851,1711848,Missouri,MO,42.0635401440214,57.9364598559785,468997,49.9689511119384,99.99999999964717,total_votes,283424,141800
Missouri,Grundy County,4426,8863,100,1242851,1711848,Missouri,MO,42.0635401440214,57.9364598559785,468997,49.93794425703058,99.99999998871714,total_votes,8863,4437
Missouri,Harrison County,3800,7626,100,1242851,1711848,Missouri,MO,42.0635401440214,57.9364598559785,468997,49.82953054683588,99.99999998688696,total_votes,7626,3826
Missouri,Henry County,10714,21502,100,1242851,1711848,Missouri,MO,42.0635401440214,57.9364598559785,468997,49.82792298159111,99.99999999534927,total_votes,21502,10788
Missouri,Hickory County,5063,10143,100,1242851,1711848,Missouri,MO,42.0635401440214,57.9364598559785,468997,49.916198358482085,99.99999999014098,total_votes,10143,5080
Missouri,Holt County,2333,4677,100,1242851,1711848,Missouri,MO,42.0635401440214,57.9364598559785,468997,49.882403239281075,99.99999997861877,total_votes,4677,2344
Missouri,Howard County,5066,10157,100,1242851,1711848,Missouri,MO,42.0635401440214,57.9364598559785,468997,49.876932160098754,99.99999999015456,total_votes,10157,5091
Missouri,Howell County,18528,37176,100,1242851,1711848,Missouri,MO,42.0635401440214,57.9364598559785,468997,49.8386055506284,99.9999999973101,total_votes,37176,18648
Missouri,Iron County,4531,9123,100,1242851,1711848,Missouri,MO,42.0635401440214,57.9364598559785,468997,49.66568014362976,99.99999998903868,total_votes,9123,4592
Missouri,Jackson County,331357,665412,100,1242851,1711848,Missouri,MO,42.0635401440214,57.9364598559785,468997,49.79726845916545,99.99999999984972,total_votes,665412,334055
Missouri,Jasper County,52160,104512,100,1242851,1711848,Missouri,MO,42.0635401440214,57.9364598559785,468997,49.90814451881212,99.99999999904318,total_votes,104512,52352
Missouri,Jefferson County,115694,232366,100,1242851,1711848,Missouri,MO,42.0635401440214,57.9364598559785,468997,49.78955613106139,99.99999999956964,total_votes,232366,116672
Missouri,Johnson County,23027,46150,100,1242851,1711848,Missouri,MO,42.0635401440214,57.9364598559785,468997,49.895991331529885,99.99999999783316,total_votes,46150,23123
Missouri,Knox County,1834,3690,100,1242851,1711848,Missouri,MO,42.0635401440214,57.9364598559785,468997,49.70189700550085,99.99999997289973,total_votes,3690,1856
Missouri,Laclede County,16770,33562,100,1242851,1711848,Missouri,MO,42.0635401440214,57.9364598559785,468997,49.96722483612516,99.99999999702044,total_votes,33562,16792
Missouri,Lafayette County,17033,34085,100,1242851,1711848,Missouri,MO,42.0635401440214,57.9364598559785,468997,49.97212850080762,99.99999999706615,total_votes,34085,17052
Missouri,Lawrence County,17813,35722,100,1242851,1711848,Missouri,MO,42.0635401440214,57.9364598559785,468997,49.86562902273485,99.9999999972006,total_votes,35722,17909
Missouri,Lewis County,4568,9177,100,1242851,1711848,Missouri,MO,42.0635401440214,57.9364598559785,468997,49.7766154462486,99.99999998910319,total_votes,9177,4609
Missouri,Lincoln County,28905,57922,100,1242851,1711848,Missouri,MO,42.0635401440214,57.9364598559785,468997,49.90331825472354,99.99999999827354,total_votes,57922,29017
Missouri,Linn County,5691,11577,95,1242851,1711848,Missouri,MO,42.0635401440214,57.9364598559785,468997,49.15781290065148,99.99999999136217,total_votes,11577,5886
Missouri,Livingston County,6709,13466,100,1242851,1711848,Missouri,MO,42.0635401440214,57.9364598559785,468997,49.82177335141677,99.99999999257389,total_votes,13466,6757
Missouri,Mcdonald County,8967,18019,100,1242851,1711848,Missouri,MO,42.0635401440214,57.9364598559785,468997,49.764137851725174,99.9999999944503,total_votes,18019,9052
Missouri,Macon County,7797,15633,100,1242851,1711848,Missouri,MO,42.0635401440214,57.9364598559785,468997,49.875263861710785,99.99999999360327,total_votes,15633,7836
Missouri,Madison County,5658,11334,100,1242851,1711848,Missouri,MO,42.0635401440214,57.9364598559785,468997,49.92059290189513,99.99999999117699,total_votes,11334,5676
Missouri,Maries County,4772,9544,100,1242851,1711848,Missouri,MO,42.0635401440214,57.9364598559785,468997,49.999999994761104,99.99999998952221,total_votes,9544,4772
Missouri,Marion County,13282,26630,100,1242851,1711848,Missouri,MO,42.0635401440214,57.9364598559785,468997,49.876079607590086,99.99999999624484,total_votes,26630,13348
Missouri,Mercer County,1765,3544,100,1242851,1711848,Missouri,MO,42.0635401440214,57.9364598559785,468997,49.80248305592481,99.99999997178331,total_votes,3544,1779
Missouri,Miller County,12326,24706,100,1242851,1711848,Missouri,MO,42.0635401440214,57.9364598559785,468997,49.8907148041006,99.9999999959524,total_votes,24706,12380
Missouri,Mississippi County,4695,9451,100,1242851,1711848,Missouri,MO,42.0635401440214,57.9364598559785,468997,49.67728282195775,99.99999998941911,total_votes,9451,4756
Missouri,Moniteau County,7152,14309,100,1242851,1711848,Missouri,MO,42.0635401440214,57.9364598559785,468997,49.98252847508683,99.99999999301139,total_votes,14309,7157
Missouri,Monroe County,4438,8921,100,1242851,1711848,Missouri,MO,42.0635401440214,57.9364598559785,468997,49.74778611705551,99.99999998879049,total_votes,8921,4483
Missouri,Montgomery County,5749,11521,100,1242851,1711848,Missouri,MO,42.0635401440214,57.9364598559785,468997,49.900182271512875,99.9999999913202,total_votes,11521,5772
Missouri,Morgan County,9456,18943,100,1242851,1711848,Missouri,MO,42.0635401440214,57.9364598559785,468997,49.918175576734505,99.999999994721,total_votes,18943,9487
Missouri,New Madrid County,7176,14424,100,1242851,1711848,Missouri,MO,42.0635401440214,57.9364598559785,468997,49.75041596992856,99.9999999930671,total_votes,14424,7248
Missouri,Newton County,28284,56676,100,1242851,1711848,Missouri,MO,42.0635401440214,57.9364598559785,468997,49.90472157438943,99.9999999982356,total_votes,56676,28392
Missouri,Nodaway County,9845,19733,100,1242851,1711848,Missouri,MO,42.0635401440214,57.9364598559785,468997,49.891045454320626,99.99999999493234,total_votes,19733,9888
Missouri,Oregon County,4688,9430,100,1242851,1711848,Missouri,MO,42.0635401440214,57.9364598559785,468997,49.71367974022124,99.99999998939553,total_votes,9430,4742
Missouri,Osage County,7534,15073,100,1242851,1711848,Missouri,MO,42.0635401440214,57.9364598559785,468997,49.98341404829938,99.99999999336562,total_votes,15073,7539
Missouri,Ozark County,4818,9688,100,1242851,1711848,Missouri,MO,42.0635401440214,57.9364598559785,468997,49.73162674961482,99.99999998967795,total_votes,9688,4870
Missouri,Pemiscot County,5599,11334,100,1242851,1711848,Missouri,MO,42.0635401440214,57.9364598559785,468997,49.400035287683075,99.99999999117699,total_votes,11334,5735
Missouri,Perry County,9361,18808,100,1242851,1711848,Missouri,MO,42.0635401440214,57.9364598559785,468997,49.77137388080756,99.99999999468311,total_votes,18808,9447
Missouri,Pettis County,18991,38087,100,1242851,1711848,Missouri,MO,42.0635401440214,57.9364598559785,468997,49.86215769029164,99.99999999737443,total_votes,38087,19096
Missouri,Phelps County,19510,39067,100,1242851,1711848,Missouri,MO,42.0635401440214,57.9364598559785,468997,49.939846928355394,99.9999999974403,total_votes,39067,19557
Missouri,Pike County,7664,15359,100,1242851,1711848,Missouri,MO,42.0635401440214,57.9364598559785,468997,49.899081968233666,99.99999999348915,total_votes,15359,7695
Missouri,Platte County,57131,115535,100,1242851,1711848,Missouri,MO,42.0635401440214,57.9364598559785,468997,49.44908469252219,99.99999999913447,total_votes,115535,58404
Missouri,Polk County,15072,30144,100,1242851,1711848,Missouri,MO,42.0635401440214,57.9364598559785,468997,49.999999998341295,99.99999999668259,total_votes,30144,15072
Missouri,Pulaski County,14265,28679,100,1242851,1711848,Missouri,MO,42.0635401440214,57.9364598559785,468997,49.74022803968966,99.99999999651313,total_votes,28679,14414
Missouri,Putnam County,2330,4691,100,1242851,1711848,Missouri,MO,42.0635401440214,57.9364598559785,468997,49.66958003631004,99.99999997868258,total_votes,4691,2361
Missouri,Ralls County,5633,11295,100,1242851,1711848,Missouri,MO,42.0635401440214,57.9364598559785,468997,49.8716246082451,99.99999999114652,total_votes,11295,5662
Missouri,Randolph County,10702,21444,100,1242851,1711848,Missouri,MO,42.0635401440214,57.9364598559785,468997,49.90673381599017,99.99999999533668,total_votes,21444,10742
Missouri,Ray County,11553,23204,100,1242851,1711848,Missouri,MO,42.0635401440214,57.9364598559785,468997,49.788829510007375,99.99999999569039,total_votes,23204,11651
Missouri,Reynolds County,3218,6516,100,1242851,1711848,Missouri,MO,42.0635401440214,57.9364598559785,468997,49.38612645037045,99.99999998465316,total_votes,6516,3298
Missouri,Ripley County,5642,11359,100,1242851,1711848,Missouri,MO,42.0635401440214,57.9364598559785,468997,49.669865300671724,99.9999999911964,total_votes,11359,5717
Missouri,St. Charles County,220613,442605,100,1242851,1711848,Missouri,MO,42.0635401440214,57.9364598559785,468997,49.844217756126014,99.99999999977406,total_votes,442605,221992
Missouri,St. Clair County,4974,10146,100,1242851,1711848,Missouri,MO,42.0635401440214,57.9364598559785,468997,49.02424600344724,99.99999999014389,total_votes,10146,5172
Missouri,Ste. Genevieve County,9373,18857,100,1242851,1711848,Missouri,MO,42.0635401440214,57.9364598559785,468997,49.7056795858458,99.99999999469694,total_votes,18857,9484
Missouri,St. Francois County,27763,55764,100,1242851,1711848,Missouri,MO,42.0635401440214,57.9364598559785,468997,49.78660067337733,99.99999999820672,total_votes,55764,28001
Missouri,St. Louis County,535275,1071721,100,1242851,1711848,Missouri,MO,42.0635401440214,57.9364598559785,468997,49.94536824411396,99.99999999990669,total_votes,1071721,536446
Missouri,Saline County,9494,19013,100,1242851,1711848,Missouri,MO,42.0635401440214,57.9364598559785,468997,49.93425550676199,99.99999999474043,total_votes,19013,9519
Missouri,Schuyler County,1976,3981,100,1242851,1711848,Missouri,MO,42.0635401440214,57.9364598559785,468997,49.63576989459037,99.99999997488068,total_votes,3981,2005
Missouri,Scotland County,1955,3939,100,1242851,1711848,Missouri,MO,42.0635401440214,57.9364598559785,468997,49.631886252949506,99.99999997461285,total_votes,3939,1984
Missouri,Scott County,17623,35371,100,1242851,1711848,Missouri,MO,42.0635401440214,57.9364598559785,468997,49.82330157332777,99.99999999717282,total_votes,35371,17748
Missouri,Shannon County,3876,8009,100,1242851,1711848,Missouri,MO,42.0635401440214,57.9364598559785,468997,48.395554994581644,99.99999998751404,total_votes,8009,4133
Missouri,Shelby County,3329,6753,100,1242851,1711848,Missouri,MO,42.0635401440214,57.9364598559785,468997,49.296608907256534,99.99999998519175,total_votes,6753,3424
Missouri,Stoddard County,13334,26760,100,1242851,1711848,Missouri,MO,42.0635401440214,57.9364598559785,468997,49.8281016423831,99.99999999626309,total_votes,26760,13426
Missouri,Stone County,18417,36937,100,1242851,1711848,Missouri,MO,42.0635401440214,57.9364598559785,468997,49.860573407427225,99.99999999729269,total_votes,36937,18520
Missouri,Sullivan County,2450,4921,100,1242851,1711848,Missouri,MO,42.0635401440214,57.9364598559785,468997,49.78662872387997,99.99999997967892,total_votes,4921,2471
Missouri,Taney County,26153,52422,100,1242851,1711848,Missouri,MO,42.0635401440214,57.9364598559785,468997,49.88935942829558,99.9999999980924,total_votes,52422,26269
Missouri,Texas County,11276,22795,95,1242851,1711848,Missouri,MO,42.0635401440214,57.9364598559785,468997,49.46698837247348,99.99999999561308,total_votes,22795,11519
Missouri,Vernon County,9118,18303,100,1242851,1711848,Missouri,MO,42.0635401440214,57.9364598559785,468997,49.81696989292373,99.99999999453641,total_votes,18303,9185
Missouri,Warren County,18281,36654,100,1242851,1711848,Missouri,MO,42.0635401440214,57.9364598559785,468997,49.87450209936502,99.99999999727179,total_votes,36654,18373
Missouri,Washington County,9878,19850,100,1242851,1711848,Missouri,MO,42.0635401440214,57.9364598559785,468997,49.763224178853235,99.99999999496222,total_votes,19850,9972
Missouri,Wayne County,5813,11691,100,1242851,1711848,Missouri,MO,42.0635401440214,57.9364598559785,468997,49.722008378263446,99.99999999144642,total_votes,11691,5878
Missouri,Webster County,18696,37475,100,1242851,1711848,Missouri,MO,42.0635401440214,57.9364598559785,468997,49.88925950500629,99.99999999733156,total_votes,37475,18779
Missouri,Worth County,1095,2202,100,1242851,1711848,Missouri,MO,42.0635401440214,57.9364598559785,468997,49.72752041338442,99.99999995458676,total_votes,2202,1107
Missouri,Wright County,8677,17416,100,1242851,1711848,Missouri,MO,42.0635401440214,57.9364598559785,468997,49.822002753225654,99.99999999425815,total_votes,17416,8739
Missouri,St. Louis City,133391,267763,100,1242851,1711848,Missouri,MO,42.0635401440214,57.9364598559785,468997,49.816815616609404,99.99999999962654,total_votes,267763,134372
Montana,Beaverhead County,5656,11321,100,243714,341763,Montana,MT,41.6265711548019,58.373428845198,98049,49.96025085681828,99.99999999116686,total_votes,11321,5665
Montana,Big Horn County,4794,9588,100,243714,341763,Montana,MT,41.6265711548019,58.373428845198,98049,49.99999999478514,99.99999998957028,total_votes,9588,4794
Montana,Blaine County,3117,6252,100,243714,341763,Montana,MT,41.6265711548019,58.373428845198,98049,49.8560460572847,99.99999998400511,total_votes,6252,3135
Montana,Broadwater County,4099,8209,100,243714,341763,Montana,MT,41.6265711548019,58.373428845198,98049,49.933000359369835,99.99999998781824,total_votes,8209,4110
Montana,Carbon County,7076,14177,100,243714,341763,Montana,MT,41.6265711548019,58.373428845198,98049,49.911829015312705,99.99999999294631,total_votes,14177,7101
Montana,Carter County,857,1721,100,243714,341763,Montana,MT,41.6265711548019,58.373428845198,98049,49.79662983742206,99.99999994189425,total_votes,1721,864
Montana,Cascade County,39832,79871,100,243714,341763,Montana,MT,41.6265711548019,58.373428845198,98049,49.87041604524959,99.999999998748,total_votes,79871,40039
Montana,Chouteau County,2972,5964,100,243714,341763,Montana,MT,41.6265711548019,58.373428845198,98049,49.83232728876051,99.99999998323273,total_votes,5964,2992
Montana,Custer County,5869,11752,100,243714,341763,Montana,MT,41.6265711548019,58.373428845198,98049,49.94043566627464,99.99999999149081,total_votes,11752,5883
Montana,Daniels County,1009,2039,100,243714,341763,Montana,MT,41.6265711548019,58.373428845198,98049,49.485041662832245,99.99999995095634,total_votes,2039,1030
Montana,Dawson County,4826,9663,100,243714,341763,Montana,MT,41.6265711548019,58.373428845198,98049,49.94308185346755,99.99999998965124,total_votes,9663,4837
Montana,Deer Lodge County,4873,9764,100,243714,341763,Montana,MT,41.6265711548019,58.373428845198,98049,49.90782465691235,99.9999999897583,total_votes,9764,4891
Montana,Fallon County,1555,3131,100,243714,341763,Montana,MT,41.6265711548019,58.373428845198,98049,49.66464386788098,99.99999996806133,total_votes,3131,1576
Montana,Fergus County,6499,13033,100,243714,341763,Montana,MT,41.6265711548019,58.373428845198,98049,49.865725462298336,99.99999999232718,total_votes,13033,6534
Montana,Flathead County,59825,120083,100,243714,341763,Montana,MT,41.6265711548019,58.373428845198,98049,49.819708034860724,99.99999999916724,total_votes,120083,60258
Montana,Gallatin County,70956,142463,100,243714,341763,Montana,MT,41.6265711548019,58.373428845198,98049,49.80661645444918,99.99999999929805,total_votes,142463,71507
Montana,Garfield County,813,1626,100,243714,341763,Montana,MT,41.6265711548019,58.373428845198,98049,49.999999969249686,99.99999993849937,total_votes,1626,813
Montana,Glacier County,5684,11403,100,243714,341763,Montana,MT,41.6265711548019,58.373428845198,98049,49.84653161011606,99.99999999123037,total_votes,11403,5719
Montana,Golden Valley County,503,1007,100,243714,341763,Montana,MT,41.6265711548019,58.373428845198,98049,49.95034751742766,99.99999990069513,total_votes,1007,504
Montana,Granite County,2094,4196,100,243714,341763,Montana,MT,41.6265711548019,58.373428845198,98049,49.904671103454554,99.99999997616777,total_votes,4196,2102
Montana,Hill County,7181,14404,100,243714,341763,Montana,MT,41.6265711548019,58.373428845198,98049,49.85420716121534,99.99999999305749,total_votes,14404,7223
Montana,Jefferson County,8169,16360,100,243714,341763,Montana,MT,41.6265711548019,58.373428845198,98049,49.932762833133694,99.99999999388753,total_votes,16360,8191
Montana,Judith Basin County,1346,2694,100,243714,341763,Montana,MT,41.6265711548019,58.373428845198,98049,49.96288045658394,99.99999996288048,total_votes,2694,1348
Montana,Lake County,16589,33217,100,243714,341763,Montana,MT,41.6265711548019,58.373428845198,98049,49.941295118465206,99.9999999969895,total_votes,33217,16628
Montana,Lewis And Clark County,42439,84948,100,243714,341763,Montana,MT,41.6265711548019,58.373428845198,98049,49.95879832309226,99.99999999882282,total_votes,84948,42509
Montana,Liberty County,1083,2171,100,243714,341763,Montana,MT,41.6265711548019,58.373428845198,98049,49.88484567025111,99.99999995393829,total_votes,2171,1088
Montana,Lincoln County,11704,23451,100,243714,341763,Montana,MT,41.6265711548019,58.373428845198,98049,49.90831947252107,99.99999999573579,total_votes,23451,11747
Montana,Mccone County,1117,2245,100,243714,341763,Montana,MT,41.6265711548019,58.373428845198,98049,49.75501111369488,99.99999995545657,total_votes,2245,1128
Montana,Madison County,6088,12206,100,243714,341763,Montana,MT,41.6265711548019,58.373428845198,98049,49.87710961413427,99.99999999180731,total_votes,12206,6118
Montana,Meagher County,1112,2230,100,243714,341763,Montana,MT,41.6265711548019,58.373428845198,98049,49.86547082965674,99.99999995515697,total_votes,2230,1118
Montana,Mineral County,2552,5115,100,243714,341763,Montana,MT,41.6265711548019,58.373428845198,98049,49.892473108525415,99.99999998044964,total_votes,5115,2563
Montana,Missoula County,71580,143566,100,243714,341763,Montana,MT,41.6265711548019,58.373428845198,98049,49.85860161842039,99.99999999930344,total_votes,143566,71986
Montana,Musselshell County,2870,5751,100,243714,341763,Montana,MT,41.6265711548019,58.373428845198,98049,49.90436444967756,99.99999998261171,total_votes,5751,2881
Montana,Park County,11580,23198,100,243714,341763,Montana,MT,41.6265711548019,58.373428845198,98049,49.91809638546779,99.99999999568928,total_votes,23198,11618
Montana,Petroleum County,350,701,100,243714,341763,Montana,MT,41.6265711548019,58.373428845198,98049,49.92867325259818,99.99999985734664,total_votes,701,351
Montana,Phillips County,2373,4759,100,243714,341763,Montana,MT,41.6265711548019,58.373428845198,98049,49.86341667369963,99.99999997898718,total_votes,4759,2386
Montana,Pondera County,2997,6002,100,243714,341763,Montana,MT,41.6265711548019,58.373428845198,98049,49.93335553983116,99.99999998333888,total_votes,6002,3005
Montana,Powder River County,1129,2266,100,243714,341763,Montana,MT,41.6265711548019,58.373428845198,98049,49.823477471393,99.99999995586938,total_votes,2266,1137
Montana,Powell County,3187,6382,100,243714,341763,Montana,MT,41.6265711548019,58.373428845198,98049,49.937323715146135,99.99999998433093,total_votes,6382,3195
Montana,Prairie County,730,1477,100,243714,341763,Montana,MT,41.6265711548019,58.373428845198,98049,49.42450910668617,99.99999993229518,total_votes,1477,747
Montana,Ravalli County,28503,57077,100,243714,341763,Montana,MT,41.6265711548019,58.373428845198,98049,49.93780331744945,99.99999999824797,total_votes,57077,28574
Montana,Richland County,5754,11552,100,243714,341763,Montana,MT,41.6265711548019,58.373428845198,98049,49.80955678239183,99.99999999134349,total_votes,11552,5798
Montana,Roosevelt County,4007,8040,100,243714,341763,Montana,MT,41.6265711548019,58.373428845198,98049,49.838308451512646,99.99999998756218,total_votes,8040,4033
Montana,Rosebud County,3747,7531,100,243714,341763,Montana,MT,41.6265711548019,58.373428845198,98049,49.75434868546616,99.99999998672155,total_votes,7531,3784
Montana,Sanders County,7586,15238,100,243714,341763,Montana,MT,41.6265711548019,58.373428845198,98049,49.78343614320885,99.99999999343746,total_votes,15238,7652
Montana,Sheridan County,2016,4046,100,243714,341763,Montana,MT,41.6265711548019,58.373428845198,98049,49.82698960706204,99.99999997528424,total_votes,4046,2030
Montana,Silver Bow County,18773,37600,100,243714,341763,Montana,MT,41.6265711548019,58.373428845198,98049,49.928191488033825,99.99999999734042,total_votes,37600,18827
Montana,Stillwater County,5726,11470,100,243714,341763,Montana,MT,41.6265711548019,58.373428845198,98049,49.92153443331111,99.9999999912816,total_votes,11470,5744
Montana,Sweet Grass County,2448,4907,100,243714,341763,Montana,MT,41.6265711548019,58.373428845198,98049,49.88791521298391,99.99999997962095,total_votes,4907,2459
Montana,Teton County,3685,7391,100,243714,341763,Montana,MT,41.6265711548019,58.373428845198,98049,49.85793532000298,99.99999998647002,total_votes,7391,3706
Montana,Toole County,2115,4238,100,243714,341763,Montana,MT,41.6265711548019,58.373428845198,98049,49.90561584476035,99.99999997640396,total_votes,4238,2123
Montana,Treasure County,460,924,100,243714,341763,Montana,MT,41.6265711548019,58.373428845198,98049,49.783549729671485,99.99999989177489,total_votes,924,464
Montana,Valley County,4248,8520,100,243714,341763,Montana,MT,41.6265711548019,58.373428845198,98049,49.85915492372545,99.99999998826291,total_votes,8520,4272
Montana,Wheatland County,1060,2128,100,243714,341763,Montana,MT,41.6265711548019,58.373428845198,98049,49.81203005178006,99.99999995300752,total_votes,2128,1068
Montana,Wibaux County,585,1183,100,243714,341763,Montana,MT,41.6265711548019,58.373428845198,98049,49.45054940874847,99.99999991546915,total_votes,1183,598
Montana,Yellowstone County,83789,167898,100,243714,341763,Montana,MT,41.6265711548019,58.373428845198,98049,49.90470404620719,99.9999999994044,total_votes,167898,84109
New Hampshire,Alton,3886,7789,100,422284,365248,New Hampshire,NH,53.62118618672,46.3788138132799,-57036,49.89087173579524,99.99999998716137,total_votes,7789,3903
New Hampshire,Barnstead,2904,5826,100,422284,365248,New Hampshire,NH,53.62118618672,46.3788138132799,-57036,49.84552007383358,99.99999998283556,total_votes,5826,2922
New Hampshire,Belmont,4009,8061,100,422284,365248,New Hampshire,NH,53.62118618672,46.3788138132799,-57036,49.73328370552868,99.99999998759459,total_votes,8061,4052
New Hampshire,Center Harbor,788,1580,100,422284,365248,New Hampshire,NH,53.62118618672,46.3788138132799,-57036,49.873417689953534,99.99999993670885,total_votes,1580,792
New Hampshire,Gilford,5214,10527,100,422284,365248,New Hampshire,NH,53.62118618672,46.3788138132799,-57036,49.529780559558304,99.99999999050061,total_votes,10527,5313
New Hampshire,Gilmanton,2462,4962,100,422284,365248,New Hampshire,NH,53.62118618672,46.3788138132799,-57036,49.61708987311223,99.99999997984683,total_votes,4962,2500
New Hampshire,Laconia,8880,17835,100,422284,365248,New Hampshire,NH,53.62118618672,46.3788138132799,-57036,49.78973927391143,99.99999999439304,total_votes,17835,8955
New Hampshire,Meredith,4375,8782,100,422284,365248,New Hampshire,NH,53.62118618672,46.3788138132799,-57036,49.817809149417236,99.99999998861307,total_votes,8782,4407
New Hampshire,New Hampton,1527,3066,100,422284,365248,New Hampshire,NH,53.62118618672,46.3788138132799,-57036,49.80430526751328,99.99999996738423,total_votes,3066,1539
New Hampshire,Sanbornton,2015,4060,100,422284,365248,New Hampshire,NH,53.62118618672,46.3788138132799,-57036,49.63054185969691,99.99999997536946,total_votes,4060,2045
New Hampshire,Tilton,2019,4044,100,422284,365248,New Hampshire,NH,53.62118618672,46.3788138132799,-57036,49.92581601139322,99.99999997527202,total_votes,4044,2025
New Hampshire,Albany,445,894,100,422284,365248,New Hampshire,NH,53.62118618672,46.3788138132799,-57036,49.77628629778939,99.99999988814318,total_votes,894,449
New Hampshire,Bartlett,2142,4312,100,422284,365248,New Hampshire,NH,53.62118618672,46.3788138132799,-57036,49.67532466380442,99.9999999768089,total_votes,4312,2170
New Hampshire,Brookfield,536,1081,100,422284,365248,New Hampshire,NH,53.62118618672,46.3788138132799,-57036,49.58371873304003,99.99999990749305,total_votes,1081,545
New Hampshire,Chatham,244,488,100,422284,365248,New Hampshire,NH,53.62118618672,46.3788138132799,-57036,49.99999989754099,99.99999979508198,total_votes,488,244
New Hampshire,Conway,5843,11809,100,422284,365248,New Hampshire,NH,53.62118618672,46.3788138132799,-57036,49.47921076725555,99.99999999153188,total_votes,11809,5966
New Hampshire,Eaton,305,614,100,422284,365248,New Hampshire,NH,53.62118618672,46.3788138132799,-57036,49.67426702007449,99.99999983713354,total_votes,614,309
New Hampshire,Effingham,924,1851,95,422284,365248,New Hampshire,NH,53.62118618672,46.3788138132799,-57036,49.91896269588386,99.99999994597513,total_votes,1851,927
New Hampshire,Freedom,1080,2170,100,422284,365248,New Hampshire,NH,53.62118618672,46.3788138132799,-57036,49.76958523052093,99.99999995391705,total_votes,2170,1090
New Hampshire,Harts Location,43,86,100,422284,365248,New Hampshire,NH,53.62118618672,46.3788138132799,-57036,49.99999941860466,99.99999883720932,total_votes,86,43
New Hampshire,Jackson,785,1545,95,422284,365248,New Hampshire,NH,53.62118618672,46.3788138132799,-57036,50.80906145578701,99.99999993527507,total_votes,1545,760
New Hampshire,Madison,1683,3386,100,422284,365248,New Hampshire,NH,53.62118618672,46.3788138132799,-57036,49.7046662582089,99.99999997046663,total_votes,3386,1703
New Hampshire,Moultonborough,3611,7275,100,422284,365248,New Hampshire,NH,53.62118618672,46.3788138132799,-57036,49.635738824792334,99.9999999862543,total_votes,7275,3664
New Hampshire,Ossipee,2466,4985,100,422284,365248,New Hampshire,NH,53.62118618672,46.3788138132799,-57036,49.468405205723485,99.99999997993982,total_votes,4985,2519
New Hampshire,Sandwich,1122,2265,100,422284,365248,New Hampshire,NH,53.62118618672,46.3788138132799,-57036,49.53642381918922,99.99999995584989,total_votes,2265,1143
New Hampshire,Tamworth,1762,3530,100,422284,365248,New Hampshire,NH,53.62118618672,46.3788138132799,-57036,49.91501415016572,99.9999999716714,total_votes,3530,1768
New Hampshire,Tuftonboro,1890,3790,100,422284,365248,New Hampshire,NH,53.62118618672,46.3788138132799,-57036,49.86807386547017,99.99999997361478,total_votes,3790,1900
New Hampshire,Wakefield,3292,6584,100,422284,365248,New Hampshire,NH,53.62118618672,46.3788138132799,-57036,49.99999999240583,99.99999998481167,total_votes,6584,3292
New Hampshire,Wolfeboro,4729,9506,100,422284,365248,New Hampshire,NH,53.62118618672,46.3788138132799,-57036,49.747527871896956,99.99999998948033,total_votes,9506,4777
New Hampshire,Alstead,1178,2278,95,422284,365248,New Hampshire,NH,53.62118618672,46.3788138132799,-57036,51.712028072119395,99.99999995610185,total_votes,2278,1100
New Hampshire,Chesterfield,2365,4757,100,422284,365248,New Hampshire,NH,53.62118618672,46.3788138132799,-57036,49.71620768347357,99.99999997897834,total_votes,4757,2392
New Hampshire,Dublin,1089,2198,100,422284,365248,New Hampshire,NH,53.62118618672,46.3788138132799,-57036,49.54504092377387,99.9999999545041,total_votes,2198,1109
New Hampshire,Fitzwilliam,1304,2671,100,422284,365248,New Hampshire,NH,53.62118618672,46.3788138132799,-57036,48.82066639879421,99.99999996256085,total_votes,2671,1367
New Hampshire,Gilsum,505,1021,100,422284,365248,New Hampshire,NH,53.62118618672,46.3788138132799,-57036,49.46131239034152,99.9999999020568,total_votes,1021,516
New Hampshire,Harrisville,756,1516,100,422284,365248,New Hampshire,NH,53.62118618672,46.3788138132799,-57036,49.868073845733456,99.99999993403694,total_votes,1516,760
New Hampshire,Hinsdale,1850,3765,100,422284,365248,New Hampshire,NH,53.62118618672,46.3788138132799,-57036,49.13678617552808,99.99999997343959,total_votes,3765,1915
New Hampshire,Jaffrey,3013,6031,100,422284,365248,New Hampshire,NH,53.62118618672,46.3788138132799,-57036,49.95854749627615,99.999999983419,total_votes,6031,3018
New Hampshire,Keene,12721,25650,100,422284,365248,New Hampshire,NH,53.62118618672,46.3788138132799,-57036,49.59454190839787,99.99999999610137,total_votes,25650,12929
New Hampshire,Marlborough,1249,2522,100,422284,365248,New Hampshire,NH,53.62118618672,46.3788138132799,-57036,49.52418713341626,99.99999996034893,total_votes,2522,1273
New Hampshire,Marlow,488,984,100,422284,365248,New Hampshire,NH,53.62118618672,46.3788138132799,-57036,49.59349588455946,99.99999989837399,total_votes,984,496
New Hampshire,Nelson,437,888,100,422284,365248,New Hampshire,NH,53.62118618672,46.3788138132799,-57036,49.21171165629312,99.99999988738739,total_votes,888,451
New Hampshire,Richmond,700,1419,100,422284,365248,New Hampshire,NH,53.62118618672,46.3788138132799,-57036,49.33051441202923,99.99999992952783,total_votes,1419,719
New Hampshire,Rindge,3577,7359,95,422284,365248,New Hampshire,NH,53.62118618672,46.3788138132799,-57036,48.60714770368159,99.9999999864112,total_votes,7359,3782
New Hampshire,Roxbury,136,280,100,422284,365248,New Hampshire,NH,53.62118618672,46.3788138132799,-57036,48.57142839795918,99.99999964285713,total_votes,280,144
New Hampshire,Stoddard,919,1838,100,422284,365248,New Hampshire,NH,53.62118618672,46.3788138132799,-57036,49.999999972796516,99.99999994559303,total_votes,1838,919
New Hampshire,Sullivan,397,809,100,422284,365248,New Hampshire,NH,53.62118618672,46.3788138132799,-57036,49.072929481986485,99.9999998763906,total_votes,809,412
New Hampshire,Surry,552,1115,100,422284,365248,New Hampshire,NH,53.62118618672,46.3788138132799,-57036,49.50672641299845,99.99999991031389,total_votes,1115,563
New Hampshire,Swanzey,3744,7574,100,422284,365248,New Hampshire,NH,53.62118618672,46.3788138132799,-57036,49.43226827971583,99.99999998679692,total_votes,7574,3830
New Hampshire,Troy,1097,2214,100,422284,365248,New Hampshire,NH,53.62118618672,46.3788138132799,-57036,49.548328794241954,99.99999995483289,total_votes,2214,1117
New Hampshire,Walpole,2322,4669,100,422284,365248,New Hampshire,NH,53.62118618672,46.3788138132799,-57036,49.73227670813187,99.99999997858214,total_votes,4669,2347
New Hampshire,Westmoreland,1111,2244,100,422284,365248,New Hampshire,NH,53.62118618672,46.3788138132799,-57036,49.50980389950544,99.99999995543672,total_votes,2244,1133
New Hampshire,Winchester,1965,3984,100,422284,365248,New Hampshire,NH,53.62118618672,46.3788138132799,-57036,49.32228914424642,99.9999999748996,total_votes,3984,2019
New Hampshire,Berlin,4025,8090,100,422284,365248,New Hampshire,NH,53.62118618672,46.3788138132799,-57036,49.75278120522215,99.99999998763906,total_votes,8090,4065
New Hampshire,Carroll,534,1072,100,422284,365248,New Hampshire,NH,53.62118618672,46.3788138132799,-57036,49.813432789353136,99.99999990671641,total_votes,1072,538
New Hampshire,Clarksville,180,363,100,422284,365248,New Hampshire,NH,53.62118618672,46.3788138132799,-57036,49.58677672290144,99.9999997245179,total_votes,363,183
New Hampshire,Colebrook,1056,2130,100,422284,365248,New Hampshire,NH,53.62118618672,46.3788138132799,-57036,49.57746476545659,99.99999995305164,total_votes,2130,1074
New Hampshire,Columbia,364,728,100,422284,365248,New Hampshire,NH,53.62118618672,46.3788138132799,-57036,49.99999993131868,99.99999986263737,total_votes,728,364
New Hampshire,Dalton,519,1055,100,422284,365248,New Hampshire,NH,53.62118618672,46.3788138132799,-57036,49.19431274957884,99.99999990521326,total_votes,1055,536
New Hampshire,Dixville,5,10,100,422284,365248,New Hampshire,NH,53.62118618672,46.3788138132799,-57036,49.9999950000005,99.999990000001,total_votes,10,5
New Hampshire,Dummer,184,368,100,422284,365248,New Hampshire,NH,53.62118618672,46.3788138132799,-57036,49.99999986413044,99.99999972826087,total_votes,368,184
New Hampshire,Errol,222,445,100,422284,365248,New Hampshire,NH,53.62118618672,46.3788138132799,-57036,49.88764033733115,99.9999997752809,total_votes,445,223
New Hampshire,Gorham,1662,3334,99,422284,365248,New Hampshire,NH,53.62118618672,46.3788138132799,-57036,49.85002997904918,99.999999970006,total_votes,3334,1672
New Hampshire,Jefferson,657,1319,100,422284,365248,New Hampshire,NH,53.62118618672,46.3788138132799,-57036,49.810462433805554,99.99999992418498,total_votes,1319,662
New Hampshire,Lancaster,1719,3454,100,422284,365248,New Hampshire,NH,53.62118618672,46.3788138132799,-57036,49.76838446735137,99.99999997104806,total_votes,3454,1735
New Hampshire,Milan,792,1587,100,422284,365248,New Hampshire,NH,53.62118618672,46.3788138132799,-57036,49.90548201014147,99.99999993698802,total_votes,1587,795
New Hampshire,Millsfield,22,44,100,422284,365248,New Hampshire,NH,53.62118618672,46.3788138132799,-57036,49.99999886363639,99.99999772727278,total_votes,44,22
New Hampshire,Northumberland,1043,2099,100,422284,365248,New Hampshire,NH,53.62118618672,46.3788138132799,-57036,49.69032870429237,99.99999995235828,total_votes,2099,1056
New Hampshire,Pittsburg,541,1086,100,422284,365248,New Hampshire,NH,53.62118618672,46.3788138132799,-57036,49.81583789151396,99.99999990791896,total_votes,1086,545
New Hampshire,Randolph,272,549,100,422284,365248,New Hampshire,NH,53.62118618672,46.3788138132799,-57036,49.5446265035617,99.99999981785064,total_votes,549,277
New Hampshire,Shelburne,248,502,100,422284,365248,New Hampshire,NH,53.62118618672,46.3788138132799,-57036,49.402390339835875,99.99999980079681,total_votes,502,254
New Hampshire,Stark,292,587,100,422284,365248,New Hampshire,NH,53.62118618672,46.3788138132799,-57036,49.74446328833992,99.99999982964225,total_votes,587,295
New Hampshire,Stewartstown,393,806,100,422284,365248,New Hampshire,NH,53.62118618672,46.3788138132799,-57036,48.7593051504227,99.99999987593053,total_votes,806,413
New Hampshire,Stratford,296,596,100,422284,365248,New Hampshire,NH,53.62118618672,46.3788138132799,-57036,49.66442944687176,99.99999983221477,total_votes,596,300
New Hampshire,Wentworth'S Location,20,40,100,422284,365248,New Hampshire,NH,53.62118618672,46.3788138132799,-57036,49.99999875000004,99.99999750000008,total_votes,40,20
New Hampshire,Whitefield,1302,2623,100,422284,365248,New Hampshire,NH,53.62118618672,46.3788138132799,-57036,49.63781927196423,99.99999996187572,total_votes,2623,1321
New Hampshire,Alexandria,1068,2148,100,422284,365248,New Hampshire,NH,53.62118618672,46.3788138132799,-57036,49.720670367914025,99.99999995344507,total_votes,2148,1080
New Hampshire,Ashland,1193,2411,100,422284,365248,New Hampshire,NH,53.62118618672,46.3788138132799,-57036,49.4815429077223,99.99999995852345,total_votes,2411,1218
New Hampshire,Bath,613,1236,100,422284,365248,New Hampshire,NH,53.62118618672,46.3788138132799,-57036,49.59546921553764,99.99999991909384,total_votes,1236,623
New Hampshire,Benton,233,468,100,422284,365248,New Hampshire,NH,53.62118618672,46.3788138132799,-57036,49.786324679943746,99.99999978632479,total_votes,468,235
New Hampshire,Bethlehem,1639,3310,100,422284,365248,New Hampshire,NH,53.62118618672,46.3788138132799,-57036,49.51661629923969,99.99999996978852,total_votes,3310,1671
New Hampshire,Bridgewater,848,1709,100,422284,365248,New Hampshire,NH,53.62118618672,46.3788138132799,-57036,49.61966059121143,99.99999994148624,total_votes,1709,861
New Hampshire,Bristol,1846,3717,100,422284,365248,New Hampshire,NH,53.62118618672,46.3788138132799,-57036,49.6637072774647,99.99999997309659,total_votes,3717,1871
New Hampshire,Campton,2107,4236,100,422284,365248,New Hampshire,NH,53.62118618672,46.3788138132799,-57036,49.74032104585922,99.99999997639281,total_votes,4236,2129
New Hampshire,Canaan,2056,4142,100,422284,365248,New Hampshire,NH,53.62118618672,46.3788138132799,-57036,49.63785609617627,99.99999997585707,total_votes,4142,2086
New Hampshire,Dorchester,229,462,100,422284,365248,New Hampshire,NH,53.62118618672,46.3788138132799,-57036,49.56709945981147,99.99999978354978,total_votes,462,233
New Hampshire,Easton,233,467,100,422284,365248,New Hampshire,NH,53.62118618672,46.3788138132799,-57036,49.892933512006564,99.99999978586725,total_votes,467,234
New Hampshire,Ellsworth,76,154,100,422284,365248,New Hampshire,NH,53.62118618672,46.3788138132799,-57036,49.35064903019059,99.99999935064936,total_votes,154,78
New Hampshire,Enfield,2737,5502,100,422284,365248,New Hampshire,NH,53.62118618672,46.3788138132799,-57036,49.74554706474999,99.99999998182479,total_votes,5502,2765
New Hampshire,Franconia,806,1612,100,422284,365248,New Hampshire,NH,53.62118618672,46.3788138132799,-57036,49.99999996898263,99.99999993796526,total_votes,1612,806
New Hampshire,Grafton,778,1562,100,422284,365248,New Hampshire,NH,53.62118618672,46.3788138132799,-57036,49.80793850844562,99.99999993597952,total_votes,1562,784
New Hampshire,Groton,375,733,95,422284,365248,New Hampshire,NH,53.62118618672,46.3788138132799,-57036,51.1596179383907,99.99999986357435,total_votes,733,358
New Hampshire,Hanover,6838,15359,80,422284,365248,New Hampshire,NH,53.62118618672,46.3788138132799,-57036,44.52112767468447,99.99999999348915,total_votes,15359,8521
New Hampshire,Haverhill,2110,4254,100,422284,365248,New Hampshire,NH,53.62118618672,46.3788138132799,-57036,49.60037610493644,99.9999999764927,total_votes,4254,2144
New Hampshire,Hebron,517,1040,100,422284,365248,New Hampshire,NH,53.62118618672,46.3788138132799,-57036,49.7115384137389,99.99999990384615,total_votes,1040,523
New Hampshire,Holderness,1475,2958,100,422284,365248,New Hampshire,NH,53.62118618672,46.3788138132799,-57036,49.864773478747544,99.99999996619337,total_votes,2958,1483
New Hampshire,Landaff,259,544,100,422284,365248,New Hampshire,NH,53.62118618672,46.3788138132799,-57036,47.61029403012814,99.99999981617648,total_votes,544,285
New Hampshire,Lebanon,7837,15786,100,422284,365248,New Hampshire,NH,53.62118618672,46.3788138132799,-57036,49.64525528635213,99.99999999366527,total_votes,15786,7949
New Hampshire,Lincoln,907,1830,100,422284,365248,New Hampshire,NH,53.62118618672,46.3788138132799,-57036,49.562841502971125,99.99999994535519,total_votes,1830,923
New Hampshire,Lisbon,790,1587,100,422284,365248,New Hampshire,NH,53.62118618672,46.3788138132799,-57036,49.77945806567142,99.99999993698802,total_votes,1587,797
New Hampshire,Littleton,3098,6213,100,422284,365248,New Hampshire,NH,53.62118618672,46.3788138132799,-57036,49.86319007727938,99.99999998390471,total_votes,6213,3115
New Hampshire,Lyman,379,764,100,422284,365248,New Hampshire,NH,53.62118618672,46.3788138132799,-57036,49.607329778000874,99.99999986910994,total_votes,764,385
New Hampshire,Lyme,1273,2578,100,422284,365248,New Hampshire,NH,53.62118618672,46.3788138132799,-57036,49.379363828790005,99.99999996121024,total_votes,2578,1305
New Hampshire,Monroe,535,1079,100,422284,365248,New Hampshire,NH,53.62118618672,46.3788138132799,-57036,49.58294712735593,99.99999990732158,total_votes,1079,544
New Hampshire,Orange,191,387,100,422284,365248,New Hampshire,NH,53.62118618672,46.3788138132799,-57036,49.35400504042893,99.99999974160207,total_votes,387,196
New Hampshire,Orford,823,1646,100,422284,365248,New Hampshire,NH,53.62118618672,46.3788138132799,-57036,49.999999969623325,99.99999993924665,total_votes,1646,823
New Hampshire,Piermont,439,880,100,422284,365248,New Hampshire,NH,53.62118618672,46.3788138132799,-57036,49.88636357967459,99.99999988636364,total_votes,880,441
New Hampshire,Plymouth,3314,6729,100,422284,365248,New Hampshire,NH,53.62118618672,46.3788138132799,-57036,49.24951700858233,99.99999998513894,total_votes,6729,3415
New Hampshire,Rumney,943,1899,100,422284,365248,New Hampshire,NH,53.62118618672,46.3788138132799,-57036,49.657714560475135,99.9999999473407,total_votes,1899,956
New Hampshire,Sugar Hill,482,967,100,422284,365248,New Hampshire,NH,53.62118618672,46.3788138132799,-57036,49.84488102394531,99.99999989658738,total_votes,967,485
New Hampshire,Thornton,1689,3420,100,422284,365248,New Hampshire,NH,53.62118618672,46.3788138132799,-57036,49.38596489784036,99.99999997076023,total_votes,3420,1731
New Hampshire,Warren,476,954,100,422284,365248,New Hampshire,NH,53.62118618672,46.3788138132799,-57036,49.89517814476396,99.99999989517819,total_votes,954,478
New Hampshire,Waterville,368,742,100,422284,365248,New Hampshire,NH,53.62118618672,46.3788138132799,-57036,49.59568726469584,99.9999998652291,total_votes,742,374
New Hampshire,Wentworth,618,1238,100,422284,365248,New Hampshire,NH,53.62118618672,46.3788138132799,-57036,49.91922451541257,99.99999991922455,total_votes,1238,620
New Hampshire,Woodstock,852,1710,100,422284,365248,New Hampshire,NH,53.62118618672,46.3788138132799,-57036,49.8245613743716,99.99999994152046,total_votes,1710,858
New Hampshire,Amherst,7978,16115,100,422284,365248,New Hampshire,NH,53.62118618672,46.3788138132799,-57036,49.50667080052704,99.9999999937946,total_votes,16115,8137
New Hampshire,Antrim,1567,3151,100,422284,365248,New Hampshire,NH,53.62118618672,46.3788138132799,-57036,49.7302443510853,99.99999996826404,total_votes,3151,1584
New Hampshire,Bedford,14668,29407,100,422284,365248,New Hampshire,NH,53.62118618672,46.3788138132799,-57036,49.87928044173566,99.99999999659946,total_votes,29407,14739
New Hampshire,Bennington,822,1659,100,422284,365248,New Hampshire,NH,53.62118618672,46.3788138132799,-57036,49.54792040413024,99.99999993972271,total_votes,1659,837
New Hampshire,Brookline,3596,7224,100,422284,365248,New Hampshire,NH,53.62118618672,46.3788138132799,-57036,49.77851605069511,99.99999998615725,total_votes,7224,3628
New Hampshire,Deering,1144,2302,100,422284,365248,New Hampshire,NH,53.62118618672,46.3788138132799,-57036,49.69591657267771,99.99999995655952,total_votes,2302,1158
New Hampshire,Francestown,1129,2281,100,422284,365248,New Hampshire,NH,53.62118618672,46.3788138132799,-57036,49.495835138318355,99.99999995615958,total_votes,2281,1152
New Hampshire,Goffstown,10121,20317,100,422284,365248,New Hampshire,NH,53.62118618672,46.3788138132799,-57036,49.815425503282206,99.99999999507801,total_votes,20317,10196
New Hampshire,Greenfield,1001,2011,100,422284,365248,New Hampshire,NH,53.62118618672,46.3788138132799,-57036,49.77623070622763,99.99999995027349,total_votes,2011,1010
New Hampshire,Greenville,1051,2105,100,422284,365248,New Hampshire,NH,53.62118618672,46.3788138132799,-57036,49.92874106891747,99.99999995249406,total_votes,2105,1054
New Hampshire,Hancock,1276,2574,100,422284,365248,New Hampshire,NH,53.62118618672,46.3788138132799,-57036,49.572649553390576,99.99999996114997,total_votes,2574,1298
New Hampshire,Hillsborough,3230,6506,100,422284,365248,New Hampshire,NH,53.62118618672,46.3788138132799,-57036,49.64648016451791,99.99999998462957,total_votes,6506,3276
New Hampshire,Hollis,5643,11468,100,422284,365248,New Hampshire,NH,53.62118618672,46.3788138132799,-57036,49.2064876134281,99.99999999128008,total_votes,11468,5825
New Hampshire,Hudson,14454,29095,100,422284,365248,New Hampshire,NH,53.62118618672,46.3788138132799,-57036,49.678638939691396,99.99999999656298,total_votes,29095,14641
New Hampshire,Litchfield,5346,10756,100,422284,365248,New Hampshire,NH,53.62118618672,46.3788138132799,-57036,49.702491627956256,99.99999999070286,total_votes,10756,5410
New Hampshire,Lyndeborough,1133,2271,100,422284,365248,New Hampshire,NH,53.62118618672,46.3788138132799,-57036,49.88991631444742,99.99999995596653,total_votes,2271,1138
New Hampshire,Manchester,50103,102709,100,422284,365248,New Hampshire,NH,53.62118618672,46.3788138132799,-57036,48.78150892279371,99.99999999902639,total_votes,102709,52606
New Hampshire,Mason,949,1898,100,422284,365248,New Hampshire,NH,53.62118618672,46.3788138132799,-57036,49.99999997365648,99.99999994731296,total_votes,1898,949
New Hampshire,Merrimack,16572,33269,100,422284,365248,New Hampshire,NH,53.62118618672,46.3788138132799,-57036,49.812137423733446,99.99999999699419,total_votes,33269,16697
New Hampshire,Milford,8879,17971,100,422284,365248,New Hampshire,NH,53.62118618672,46.3788138132799,-57036,49.40737855158826,99.99999999443547,total_votes,17971,9092
New Hampshire,Mont Vernon,1756,3534,100,422284,365248,New Hampshire,NH,53.62118618672,46.3788138132799,-57036,49.68873795990698,99.99999997170346,total_votes,3534,1778
New Hampshire,Nashua,44532,89813,100,422284,365248,New Hampshire,NH,53.62118618672,46.3788138132799,-57036,49.583022501758286,99.99999999888658,total_votes,89813,45281
New Hampshire,New Boston,3887,7821,100,422284,365248,New Hampshire,NH,53.62118618672,46.3788138132799,-57036,49.69952690836216,99.99999998721391,total_votes,7821,3934
New Hampshire,New Ipswich,3115,6238,100,422284,365248,New Hampshire,NH,53.62118618672,46.3788138132799,-57036,49.93587687561143,99.99999998396922,total_votes,6238,3123
New Hampshire,Pelham,8753,17607,100,422284,365248,New Hampshire,NH,53.62118618672,46.3788138132799,-57036,49.71318225423336,99.99999999432045,total_votes,17607,8854
New Hampshire,Peterborough,4316,8716,100,422284,365248,New Hampshire,NH,53.62118618672,46.3788138132799,-57036,49.518127575778095,99.99999998852684,total_votes,8716,4400
New Hampshire,Sharon,272,545,100,422284,365248,New Hampshire,NH,53.62118618672,46.3788138132799,-57036,49.90825678915916,99.99999981651376,total_votes,545,273
New Hampshire,Temple,946,1907,100,422284,365248,New Hampshire,NH,53.62118618672,46.3788138132799,-57036,49.60671208725395,99.99999994756162,total_votes,1907,961
New Hampshire,Weare,5496,11034,100,422284,365248,New Hampshire,NH,53.62118618672,46.3788138132799,-57036,49.809679168949636,99.9999999909371,total_votes,11034,5538
New Hampshire,Wilton,2446,4919,100,422284,365248,New Hampshire,NH,53.62118618672,46.3788138132799,-57036,49.72555396427616,99.99999997967066,total_votes,4919,2473
New Hampshire,Windsor,127,256,100,422284,365248,New Hampshire,NH,53.62118618672,46.3788138132799,-57036,49.60937480621338,99.999999609375,total_votes,256,129
New Hampshire,Allenstown,2270,4595,100,422284,365248,New Hampshire,NH,53.62118618672,46.3788138132799,-57036,49.401523384243404,99.99999997823721,total_votes,4595,2325
New Hampshire,Andover,1587,3182,100,422284,365248,New Hampshire,NH,53.62118618672,46.3788138132799,-57036,49.87429288187483,99.99999996857323,total_votes,3182,1595
New Hampshire,Boscawen,2023,4063,100,422284,365248,New Hampshire,NH,53.62118618672,46.3788138132799,-57036,49.79079496682481,99.99999997538764,total_votes,4063,2040
New Hampshire,Bow,5506,11018,100,422284,365248,New Hampshire,NH,53.62118618672,46.3788138132799,-57036,49.972771823382395,99.99999999092394,total_votes,11018,5512
New Hampshire,Bradford,1061,2123,95,422284,365248,New Hampshire,NH,53.62118618672,46.3788138132799,-57036,49.9764483985038,99.99999995289684,total_votes,2123,1062
New Hampshire,Canterbury,1727,3481,100,422284,365248,New Hampshire,NH,53.62118618672,46.3788138132799,-57036,49.61218039367648,99.99999997127263,total_votes,3481,1754
New Hampshire,Chichester,1726,3479,100,422284,365248,New Hampshire,NH,53.62118618672,46.3788138132799,-57036,49.61195744477955,99.99999997125612,total_votes,3479,1753
New Hampshire,Concord,23521,47396,100,422284,365248,New Hampshire,NH,53.62118618672,46.3788138132799,-57036,49.62655076273047,99.99999999789011,total_votes,47396,23875
New Hampshire,Danbury,724,1449,100,422284,365248,New Hampshire,NH,53.62118618672,46.3788138132799,-57036,49.965493409271566,99.99999993098689,total_votes,1449,725
New Hampshire,Dunbarton,2016,4046,100,422284,365248,New Hampshire,NH,53.62118618672,46.3788138132799,-57036,49.82698960706204,99.99999997528424,total_votes,4046,2030
New Hampshire,Epsom,2907,5834,100,422284,365248,New Hampshire,NH,53.62118618672,46.3788138132799,-57036,49.82859100962828,99.9999999828591,total_votes,5834,2927
New Hampshire,Franklin,4089,8267,100,422284,365248,New Hampshire,NH,53.62118618672,46.3788138132799,-57036,49.46171524743417,99.9999999879037,total_votes,8267,4178
New Hampshire,Henniker,2659,5370,100,422284,365248,New Hampshire,NH,53.62118618672,46.3788138132799,-57036,49.51582866861902,99.99999998137802,total_votes,5370,2711
New Hampshire,Hill,633,1268,100,422284,365248,New Hampshire,NH,53.62118618672,46.3788138132799,-57036,49.921135607317716,99.99999992113564,total_votes,1268,635
New Hampshire,Hooksett,8527,17112,100,422284,365248,New Hampshire,NH,53.62118618672,46.3788138132799,-57036,49.83052828133295,99.99999999415614,total_votes,17112,8585
New Hampshire,Hopkinton,4158,8321,100,422284,365248,New Hampshire,NH,53.62118618672,46.3788138132799,-57036,49.96995552818532,99.9999999879822,total_votes,8321,4163
New Hampshire,Loudon,3720,7445,100,422284,365248,New Hampshire,NH,53.62118618672,46.3788138132799,-57036,49.96642040967543,99.99999998656817,total_votes,7445,3725
New Hampshire,Newbury,1647,3314,100,422284,365248,New Hampshire,NH,53.62118618672,46.3788138132799,-57036,49.698249834128475,99.999999969825,total_votes,3314,1667
New Hampshire,New London,3123,6317,100,422284,365248,New Hampshire,NH,53.62118618672,46.3788138132799,-57036,49.43802437083457,99.99999998416969,total_votes,6317,3194
New Hampshire,Northfield,2628,5256,100,422284,365248,New Hampshire,NH,53.62118618672,46.3788138132799,-57036,49.99999999048706,99.99999998097412,total_votes,5256,2628
New Hampshire,Pembroke,4302,8627,100,422284,365248,New Hampshire,NH,53.62118618672,46.3788138132799,-57036,49.86669757159306,99.99999998840849,total_votes,8627,4325
New Hampshire,Pittsfield,2079,4174,100,422284,365248,New Hampshire,NH,53.62118618672,46.3788138132799,-57036,49.8083373143727,99.99999997604215,total_votes,4174,2095
New Hampshire,Salisbury,919,1844,100,422284,365248,New Hampshire,NH,53.62118618672,46.3788138132799,-57036,49.83731016820102,99.99999994577006,total_votes,1844,925
New Hampshire,Sutton,1351,2702,100,422284,365248,New Hampshire,NH,53.62118618672,46.3788138132799,-57036,49.99999998149519,99.99999996299039,total_votes,2702,1351
New Hampshire,Warner,1931,3862,100,422284,365248,New Hampshire,NH,53.62118618672,46.3788138132799,-57036,49.99999998705334,99.99999997410669,total_votes,3862,1931
New Hampshire,Webster,1228,2469,100,422284,365248,New Hampshire,NH,53.62118618672,46.3788138132799,-57036,49.736735500309145,99.99999995949777,total_votes,2469,1241
New Hampshire,Wilmot,957,1915,100,422284,365248,New Hampshire,NH,53.62118618672,46.3788138132799,-57036,49.97389031332956,99.99999994778067,total_votes,1915,958
New Hampshire,Atkinson,5077,10181,100,422284,365248,New Hampshire,NH,53.62118618672,46.3788138132799,-57036,49.86740005403522,99.99999999017778,total_votes,10181,5104
New Hampshire,Auburn,3883,7813,100,422284,365248,New Hampshire,NH,53.62118618672,46.3788138132799,-57036,49.699219243606905,99.99999998720082,total_votes,7813,3930
New Hampshire,Brentwood,2870,5784,100,422284,365248,New Hampshire,NH,53.62118618672,46.3788138132799,-57036,49.61964037869646,99.99999998271092,total_votes,5784,2914
New Hampshire,Candia,2764,5553,100,422284,365248,New Hampshire,NH,53.62118618672,46.3788138132799,-57036,49.77489644340448,99.9999999819917,total_votes,5553,2789
New Hampshire,Chester,3425,6894,100,422284,365248,New Hampshire,NH,53.62118618672,46.3788138132799,-57036,49.68088191910634,99.99999998549463,total_votes,6894,3469
New Hampshire,Danville,2783,5599,100,422284,365248,New Hampshire,NH,53.62118618672,46.3788138132799,-57036,49.705304509786515,99.99999998213967,total_votes,5599,2816
New Hampshire,Deerfield,3194,6415,100,422284,365248,New Hampshire,NH,53.62118618672,46.3788138132799,-57036,49.78955572099928,99.99999998441153,total_votes,6415,3221
New Hampshire,Derry,17721,35615,100,422284,365248,New Hampshire,NH,53.62118618672,46.3788138132799,-57036,49.75712480556627,99.99999999719219,total_votes,35615,17894
New Hampshire,East Kingston,1662,3354,100,422284,365248,New Hampshire,NH,53.62118618672,46.3788138132799,-57036,49.55277279381253,99.99999997018486,total_votes,3354,1692
New Hampshire,Epping,4306,8743,100,422284,365248,New Hampshire,NH,53.62118618672,46.3788138132799,-57036,49.25082922918325,99.99999998856227,total_votes,8743,4437
New Hampshire,Exeter,10215,20551,100,422284,365248,New Hampshire,NH,53.62118618672,46.3788138132799,-57036,49.70561043016371,99.99999999513406,total_votes,20551,10336
New Hampshire,Fremont,2826,5665,100,422284,365248,New Hampshire,NH,53.62118618672,46.3788138132799,-57036,49.88526036189139,99.99999998234775,total_votes,5665,2839
New Hampshire,Greenland,2882,5801,100,422284,365248,New Hampshire,NH,53.62118618672,46.3788138132799,-57036,49.68108945876899,99.9999999827616,total_votes,5801,2919
New Hampshire,Hampstead,5829,11726,100,422284,365248,New Hampshire,NH,53.62118618672,46.3788138132799,-57036,49.71004604727016,99.99999999147194,total_votes,11726,5897
New Hampshire,Hampton,11412,22914,100,422284,365248,New Hampshire,NH,53.62118618672,46.3788138132799,-57036,49.803613509216916,99.99999999563586,total_votes,22914,11502
New Hampshire,Hampton Falls,1690,3410,100,422284,365248,New Hampshire,NH,53.62118618672,46.3788138132799,-57036,49.56011728751903,99.9999999706745,total_votes,3410,1720
New Hampshire,Kensington,1541,3098,100,422284,365248,New Hampshire,NH,53.62118618672,46.3788138132799,-57036,49.74176886709433,99.99999996772111,total_votes,3098,1557
New Hampshire,Kingston,4064,8166,100,422284,365248,New Hampshire,NH,53.62118618672,46.3788138132799,-57036,49.76732793904392,99.9999999877541,total_votes,8166,4102
New Hampshire,Londonderry,15757,31630,100,422284,365248,New Hampshire,NH,53.62118618672,46.3788138132799,-57036,49.81662978027769,99.99999999683844,total_votes,31630,15873
New Hampshire,New Castle,918,1836,100,422284,365248,New Hampshire,NH,53.62118618672,46.3788138132799,-57036,49.99999997276689,99.99999994553377,total_votes,1836,918
New Hampshire,Newfields,1252,2507,100,422284,365248,New Hampshire,NH,53.62118618672,46.3788138132799,-57036,49.940167510993156,99.9999999601117,total_votes,2507,1255
New Hampshire,Newington,635,1275,100,422284,365248,New Hampshire,NH,53.62118618672,46.3788138132799,-57036,49.80392152956555,99.99999992156862,total_votes,1275,640
New Hampshire,Newmarket,5902,11906,100,422284,365248,New Hampshire,NH,53.62118618672,46.3788138132799,-57036,49.57164454480332,99.99999999160087,total_votes,11906,6004
New Hampshire,Newton,2964,5958,100,422284,365248,New Hampshire,NH,53.62118618672,46.3788138132799,-57036,49.748237655295696,99.99999998321584,total_votes,5958,2994
New Hampshire,North Hampton,3440,6924,100,422284,365248,New Hampshire,NH,53.62118618672,46.3788138132799,-57036,49.68226457976859,99.99999998555748,total_votes,6924,3484
New Hampshire,Northwood,2829,5710,100,422284,365248,New Hampshire,NH,53.62118618672,46.3788138132799,-57036,49.54465848519358,99.99999998248687,total_votes,5710,2881
New Hampshire,Nottingham,3489,6985,100,422284,365248,New Hampshire,NH,53.62118618672,46.3788138132799,-57036,49.949892619906954,99.9999999856836,total_votes,6985,3496
New Hampshire,Plaistow,4537,9154,100,422284,365248,New Hampshire,NH,53.62118618672,46.3788138132799,-57036,49.56303254866036,99.9999999890758,total_votes,9154,4617
New Hampshire,Portsmouth,14389,29090,100,422284,365248,New Hampshire,NH,53.62118618672,46.3788138132799,-57036,49.46373323996343,99.9999999965624,total_votes,29090,14701
New Hampshire,Raymond,5905,11905,100,422284,365248,New Hampshire,NH,53.62118618672,46.3788138132799,-57036,49.601007975674,99.99999999160016,total_votes,11905,6000
New Hampshire,Rye,4427,8892,100,422284,365248,New Hampshire,NH,53.62118618672,46.3788138132799,-57036,49.786324780725785,99.99999998875393,total_votes,8892,4465
New Hampshire,Salem,17653,35494,100,422284,365248,New Hampshire,NH,53.62118618672,46.3788138132799,-57036,49.73516650561404,99.99999999718263,total_votes,35494,17841
New Hampshire,Sandown,3953,7928,100,422284,365248,New Hampshire,NH,53.62118618672,46.3788138132799,-57036,49.8612512550629,99.99999998738647,total_votes,7928,3975
New Hampshire,Seabrook,4886,9772,100,422284,365248,New Hampshire,NH,53.62118618672,46.3788138132799,-57036,49.99999999488334,99.99999998976668,total_votes,9772,4886
New Hampshire,South Hampton,644,1296,100,422284,365248,New Hampshire,NH,53.62118618672,46.3788138132799,-57036,49.69135798634925,99.99999992283949,total_votes,1296,652
New Hampshire,Stratham,5437,10922,100,422284,365248,New Hampshire,NH,53.62118618672,46.3788138132799,-57036,49.78026002107853,99.99999999084417,total_votes,10922,5485
New Hampshire,Windham,9742,19642,100,422284,365248,New Hampshire,NH,53.62118618672,46.3788138132799,-57036,49.59780062877518,99.99999999490888,total_votes,19642,9900
New Hampshire,Barrington,5932,11936,100,422284,365248,New Hampshire,NH,53.62118618672,46.3788138132799,-57036,49.69839141674779,99.99999999162198,total_votes,11936,6004
New Hampshire,Dover,18992,38221,100,422284,365248,New Hampshire,NH,53.62118618672,46.3788138132799,-57036,49.68996101489522,99.99999999738364,total_votes,38221,19229
New Hampshire,Durham,7495,15305,100,422284,365248,New Hampshire,NH,53.62118618672,46.3788138132799,-57036,48.97092453126619,99.99999999346618,total_votes,15305,7810
New Hampshire,Farmington,3408,6841,100,422284,365248,New Hampshire,NH,53.62118618672,46.3788138132799,-57036,49.817278168423144,99.99999998538225,total_votes,6841,3433
New Hampshire,Lee,2922,5898,100,422284,365248,New Hampshire,NH,53.62118618672,46.3788138132799,-57036,49.54221769251573,99.9999999830451,total_votes,5898,2976
New Hampshire,Madbury,1288,2600,100,422284,365248,New Hampshire,NH,53.62118618672,46.3788138132799,-57036,49.53846151940829,99.99999996153846,total_votes,2600,1312
New Hampshire,Middleton,1032,2074,100,422284,365248,New Hampshire,NH,53.62118618672,46.3788138132799,-57036,49.75891993743543,99.999999951784,total_votes,2074,1042
New Hampshire,Milton,2511,5077,95,422284,365248,New Hampshire,NH,53.62118618672,46.3788138132799,-57036,49.45834153053804,99.99999998030333,total_votes,5077,2566
New Hampshire,New Durham,1833,3701,100,422284,365248,New Hampshire,NH,53.62118618672,46.3788138132799,-57036,49.52715480963871,99.99999997298028,total_votes,3701,1868
New Hampshire,Rochester,16711,33618,100,422284,365248,New Hampshire,NH,53.62118618672,46.3788138132799,-57036,49.70848949819417,99.9999999970254,total_votes,33618,16907
New Hampshire,Rollinsford,1717,3453,100,422284,365248,New Hampshire,NH,53.62118618672,46.3788138132799,-57036,49.724876904221006,99.99999997103967,total_votes,3453,1736
New Hampshire,Somersworth,6022,12093,100,422284,365248,New Hampshire,NH,53.62118618672,46.3788138132799,-57036,49.79740345242723,99.99999999173075,total_votes,12093,6071
New Hampshire,Strafford,2750,5552,100,422284,365248,New Hampshire,NH,53.62118618672,46.3788138132799,-57036,49.53170027926302,99.99999998198847,total_votes,5552,2802
New Hampshire,Acworth,562,1131,100,422284,365248,New Hampshire,NH,53.62118618672,46.3788138132799,-57036,49.6905393017767,99.99999991158266,total_votes,1131,569
New Hampshire,Charlestown,2456,4937,100,422284,365248,New Hampshire,NH,53.62118618672,46.3788138132799,-57036,49.74680979344808,99.99999997974479,total_votes,4937,2481
New Hampshire,Claremont,5744,11557,100,422284,365248,New Hampshire,NH,53.62118618672,46.3788138132799,-57036,49.70147961843891,99.99999999134724,total_votes,11557,5813
New Hampshire,Cornish,1141,2282,100,422284,365248,New Hampshire,NH,53.62118618672,46.3788138132799,-57036,49.9999999780894,99.9999999561788,total_votes,2282,1141
New Hampshire,Croydon,504,1017,100,422284,365248,New Hampshire,NH,53.62118618672,46.3788138132799,-57036,49.55752207516468,99.99999990167159,total_votes,1017,513
New Hampshire,Goshen,476,957,100,422284,365248,New Hampshire,NH,53.62118618672,46.3788138132799,-57036,49.73876692817266,99.9999998955068,total_votes,957,481
New Hampshire,Grantham,2393,4840,100,422284,365248,New Hampshire,NH,53.62118618672,46.3788138132799,-57036,49.44214875011526,99.99999997933884,total_votes,4840,2447
New Hampshire,Langdon,408,820,100,422284,365248,New Hampshire,NH,53.62118618672,46.3788138132799,-57036,49.75609750029744,99.99999987804878,total_votes,820,412
New Hampshire,Lempster,708,1434,100,422284,365248,New Hampshire,NH,53.62118618672,46.3788138132799,-57036,49.372384902808655,99.99999993026498,total_votes,1434,726
New Hampshire,Newport,3096,6234,100,422284,365248,New Hampshire,NH,53.62118618672,46.3788138132799,-57036,49.66313762437229,99.99999998395893,total_votes,6234,3138
New Hampshire,Plainfield,1654,3339,100,422284,365248,New Hampshire,NH,53.62118618672,46.3788138132799,-57036,49.53578914359515,99.99999997005091,total_votes,3339,1685
New Hampshire,Springfield,880,1769,100,422284,365248,New Hampshire,NH,53.62118618672,46.3788138132799,-57036,49.74561896566104,99.99999994347088,total_votes,1769,889
New Hampshire,Sunapee,2412,4843,100,422284,365248,New Hampshire,NH,53.62118618672,46.3788138132799,-57036,49.80384058438904,99.99999997935164,total_votes,4843,2431
New Hampshire,Unity,877,1769,100,422284,365248,New Hampshire,NH,53.62118618672,46.3788138132799,-57036,49.5760316282781,99.99999994347088,total_votes,1769,892
New Hampshire,Washington,796,1593,100,422284,365248,New Hampshire,NH,53.62118618672,46.3788138132799,-57036,49.96861264910947,99.99999993722535,total_votes,1593,797
North Carolina,Alamance County,85935,172026,100,2658280,2733687,North Carolina,NC,49.3007468332057,50.6992531667942,75407,49.95465801652102,99.99999999941869,total_votes,172026,86091
North Carolina,Alexander County,20187,40423,100,2658280,2733687,North Carolina,NC,49.3007468332057,50.6992531667942,75407,49.93939093956561,99.99999999752616,total_votes,40423,20236
North Carolina,Alleghany County,6084,12160,100,2658280,2733687,North Carolina,NC,49.3007468332057,50.6992531667942,75407,50.03289473272756,99.9999999917763,total_votes,12160,6076
North Carolina,Anson County,11206,22411,100,2658280,2733687,North Carolina,NC,49.3007468332057,50.6992531667942,75407,50.00223104502244,99.9999999955379,total_votes,22411,11205
North Carolina,Ashe County,15777,31591,100,2658280,2733687,North Carolina,NC,49.3007468332057,50.6992531667942,75407,49.9414390158608,99.99999999683455,total_votes,31591,15814
North Carolina,Avery County,9417,18875,100,2658280,2733687,North Carolina,NC,49.3007468332057,50.6992531667942,75407,49.89139072583357,99.99999999470198,total_votes,18875,9458
North Carolina,Beaufort County,26232,52547,100,2658280,2733687,North Carolina,NC,49.3007468332057,50.6992531667942,75407,49.92102308314612,99.99999999809694,total_votes,52547,26315
North Carolina,Bertie County,9788,19603,100,2658280,2733687,North Carolina,NC,49.3007468332057,50.6992531667942,75407,49.931132987301375,99.99999999489873,total_votes,19603,9815
North Carolina,Bladen County,17033,34158,100,2658280,2733687,North Carolina,NC,49.3007468332057,50.6992531667942,75407,49.86533169243324,99.99999999707244,total_votes,34158,17125
North Carolina,Brunswick County,89781,179956,100,2658280,2733687,North Carolina,NC,49.3007468332057,50.6992531667942,75407,49.89052879565065,99.9999999994443,total_votes,179956,90175
North Carolina,Buncombe County,160442,322011,100,2658280,2733687,North Carolina,NC,49.3007468332057,50.6992531667942,75407,49.825005977901924,99.99999999968945,total_votes,322011,161569
North Carolina,Burke County,44459,89061,100,2658280,2733687,North Carolina,NC,49.3007468332057,50.6992531667942,75407,49.919717945566305,99.99999999887719,total_votes,89061,44602
North Carolina,Cabarrus County,116337,233564,100,2658280,2733687,North Carolina,NC,49.3007468332057,50.6992531667942,75407,49.80947406257039,99.99999999957186,total_votes,233564,117227
North Carolina,Caldwell County,42673,85502,100,2658280,2733687,North Carolina,NC,49.3007468332057,50.6992531667942,75407,49.90877406318088,99.99999999883045,total_votes,85502,42829
North Carolina,Camden County,5913,11866,100,2658280,2733687,North Carolina,NC,49.3007468332057,50.6992531667942,75407,49.83145120092436,99.99999999157255,total_votes,11866,5953
North Carolina,Carteret County,42524,85219,100,2658280,2733687,North Carolina,NC,49.3007468332057,50.6992531667942,75407,49.89967026074116,99.99999999882657,total_votes,85219,42695
North Carolina,Caswell County,12020,24071,100,2658280,2733687,North Carolina,NC,49.3007468332057,50.6992531667942,75407,49.9356071600708,99.99999999584563,total_votes,24071,12051
North Carolina,Catawba County,83248,166673,100,2658280,2733687,North Carolina,NC,49.3007468332057,50.6992531667942,75407,49.94690201742365,99.99999999940002,total_votes,166673,83425
North Carolina,Chatham County,48544,97143,100,2658280,2733687,North Carolina,NC,49.3007468332057,50.6992531667942,75407,49.97169121758674,99.9999999989706,total_votes,97143,48599
North Carolina,Cherokee County,16351,32774,100,2658280,2733687,North Carolina,NC,49.3007468332057,50.6992531667942,75407,49.89015683011259,99.9999999969488,total_votes,32774,16423
North Carolina,Chowan County,7765,15549,100,2658280,2733687,North Carolina,NC,49.3007468332057,50.6992531667942,75407,49.93890282012098,99.99999999356871,total_votes,15549,7784
North Carolina,Clay County,6858,13751,100,2658280,2733687,North Carolina,NC,49.3007468332057,50.6992531667942,75407,49.872736524625644,99.9999999927278,total_votes,13751,6893
North Carolina,Cleveland County,51124,102432,100,2658280,2733687,North Carolina,NC,49.3007468332057,50.6992531667942,75407,49.910184316913565,99.99999999902374,total_votes,102432,51308
North Carolina,Columbus County,26245,52691,100,2658280,2733687,North Carolina,NC,49.3007468332057,50.6992531667942,75407,49.809265338486476,99.99999999810214,total_votes,52691,26446
North Carolina,Craven County,52856,105921,100,2658280,2733687,North Carolina,NC,49.3007468332057,50.6992531667942,75407,49.90134156541289,99.99999999905592,total_votes,105921,53065
North Carolina,Cumberland County,146493,293643,100,2658280,2733687,North Carolina,NC,49.3007468332057,50.6992531667942,75407,49.88812946315802,99.99999999965945,total_votes,293643,147150
North Carolina,Currituck County,16025,32172,100,2658280,2733687,North Carolina,NC,49.3007468332057,50.6992531667942,75407,49.8103941299947,99.9999999968917,total_votes,32172,16147
North Carolina,Dare County,24020,48252,100,2658280,2733687,North Carolina,NC,49.3007468332057,50.6992531667942,75407,49.78031998570463,99.99999999792755,total_votes,48252,24232
North Carolina,Davidson County,88430,176944,100,2658280,2733687,North Carolina,NC,49.3007468332057,50.6992531667942,75407,49.976263676361015,99.99999999943483,total_votes,176944,88514
North Carolina,Davie County,25278,50589,100,2658280,2733687,North Carolina,NC,49.3007468332057,50.6992531667942,75407,49.967384212971844,99.99999999802328,total_votes,50589,25311
North Carolina,Duplin County,22640,45355,100,2658280,2733687,North Carolina,NC,49.3007468332057,50.6992531667942,75407,49.917318927352724,99.99999999779517,total_votes,45355,22715
North Carolina,Durham County,179595,359509,100,2658280,2733687,North Carolina,NC,49.3007468332057,50.6992531667942,75407,49.955633933921106,99.99999999972185,total_votes,359509,179914
North Carolina,Edgecombe County,25449,50926,100,2658280,2733687,North Carolina,NC,49.3007468332057,50.6992531667942,75407,49.972509129914535,99.99999999803637,total_votes,50926,25477
North Carolina,Forsyth County,200324,401586,100,2658280,2733687,North Carolina,NC,49.3007468332057,50.6992531667942,75407,49.883213060092025,99.99999999975098,total_votes,401586,201262
North Carolina,Franklin County,37345,74702,100,2658280,2733687,North Carolina,NC,49.3007468332057,50.6992531667942,75407,49.99196808586127,99.99999999866137,total_votes,74702,37357
North Carolina,Gaston County,114919,230417,100,2658280,2733687,North Carolina,NC,49.3007468332057,50.6992531667942,75407,49.87435822856007,99.999999999566,total_votes,230417,115498
North Carolina,Gates County,5933,11904,100,2658280,2733687,North Carolina,NC,49.3007468332057,50.6992531667942,75407,49.840389780759374,99.99999999159947,total_votes,11904,5971
North Carolina,Graham County,4644,9309,100,2658280,2733687,North Carolina,NC,49.3007468332057,50.6992531667942,75407,49.88720592438637,99.9999999892577,total_votes,9309,4665
North Carolina,Granville County,31548,63146,100,2658280,2733687,North Carolina,NC,49.3007468332057,50.6992531667942,75407,49.9604092096101,99.99999999841637,total_votes,63146,31598
North Carolina,Greene County,8735,17488,100,2658280,2733687,North Carolina,NC,49.3007468332057,50.6992531667942,75407,49.94853613621063,99.9999999942818,total_votes,17488,8753
North Carolina,Guilford County,282592,567078,100,2658280,2733687,North Carolina,NC,49.3007468332057,50.6992531667942,75407,49.833003572612874,99.99999999982366,total_votes,567078,284486
North Carolina,Halifax County,25698,51457,100,2658280,2733687,North Carolina,NC,49.3007468332057,50.6992531667942,75407,49.940727208155536,99.99999999805664,total_votes,51457,25759
North Carolina,Harnett County,58082,116375,100,2658280,2733687,North Carolina,NC,49.3007468332057,50.6992531667942,75407,49.909344790118936,99.99999999914071,total_votes,116375,58293
North Carolina,Haywood County,36459,73001,100,2658280,2733687,North Carolina,NC,49.3007468332057,50.6992531667942,75407,49.943151462994436,99.99999999863016,total_votes,73001,36542
North Carolina,Henderson County,68190,136561,100,2658280,2733687,North Carolina,NC,49.3007468332057,50.6992531667942,75407,49.93372924883433,99.99999999926771,total_votes,136561,68371
North Carolina,Hertford County,10568,21202,100,2658280,2733687,North Carolina,NC,49.3007468332057,50.6992531667942,75407,49.8443543038466,99.99999999528346,total_votes,21202,10634
North Carolina,Hoke County,21528,43544,100,2658280,2733687,North Carolina,NC,49.3007468332057,50.6992531667942,75407,49.43964725221753,99.99999999770347,total_votes,43544,22016
North Carolina,Hyde County,2483,4975,100,2658280,2733687,North Carolina,NC,49.3007468332057,50.6992531667942,75407,49.909547728661394,99.99999997989948,total_votes,4975,2492
North Carolina,Iredell County,101997,204368,100,2658280,2733687,North Carolina,NC,49.3007468332057,50.6992531667942,75407,49.90849839480786,99.99999999951068,total_votes,204368,102371
North Carolina,Jackson County,21346,42774,100,2658280,2733687,North Carolina,NC,49.3007468332057,50.6992531667942,75407,49.90414737808238,99.99999999766213,total_votes,42774,21428
North Carolina,Johnston County,111074,222436,100,2658280,2733687,North Carolina,NC,49.3007468332057,50.6992531667942,75407,49.93526227746437,99.99999999955043,total_votes,222436,111362
North Carolina,Jones County,5512,11037,100,2658280,2733687,North Carolina,NC,49.3007468332057,50.6992531667942,75407,49.94110718039856,99.99999999093956,total_votes,11037,5525
North Carolina,Lee County,28861,57869,100,2658280,2733687,North Carolina,NC,49.3007468332057,50.6992531667942,75407,49.872988991517516,99.99999999827196,total_votes,57869,29008
North Carolina,Lenoir County,28348,56757,100,2658280,2733687,North Carolina,NC,49.3007468332057,50.6992531667942,75407,49.94626213418704,99.9999999982381,total_votes,56757,28409
North Carolina,Lincoln County,50108,100325,100,2658280,2733687,North Carolina,NC,49.3007468332057,50.6992531667942,75407,49.945676550710736,99.99999999900324,total_votes,100325,50217
North Carolina,Mcdowell County,22900,45903,100,2658280,2733687,North Carolina,NC,49.3007468332057,50.6992531667942,75407,49.88780689606588,99.99999999782149,total_votes,45903,23003
North Carolina,Macon County,20684,41427,100,2658280,2733687,North Carolina,NC,49.3007468332057,50.6992531667942,75407,49.928790401189346,99.99999999758612,total_votes,41427,20743
North Carolina,Madison County,13051,26127,100,2658280,2733687,North Carolina,NC,49.3007468332057,50.6992531667942,75407,49.95215677077536,99.99999999617253,total_votes,26127,13076
North Carolina,Martin County,12513,25053,100,2658280,2733687,North Carolina,NC,49.3007468332057,50.6992531667942,75407,49.946114235822215,99.99999999600846,total_votes,25053,12540
North Carolina,Mecklenburg County,564433,1131486,100,2658280,2733687,North Carolina,NC,49.3007468332057,50.6992531667942,75407,49.88422304823048,99.99999999991161,total_votes,1131486,567053
North Carolina,Mitchell County,9001,18042,100,2658280,2733687,North Carolina,NC,49.3007468332057,50.6992531667942,75407,49.88914754185295,99.99999999445738,total_votes,18042,9041
North Carolina,Montgomery County,12826,25675,100,2658280,2733687,North Carolina,NC,49.3007468332057,50.6992531667942,75407,49.955209345668734,99.99999999610516,total_votes,25675,12849
North Carolina,Moore County,58127,116466,100,2658280,2733687,North Carolina,NC,49.3007468332057,50.6992531667942,75407,49.90898631317373,99.99999999914138,total_votes,116466,58339
North Carolina,Nash County,52194,104465,100,2658280,2733687,North Carolina,NC,49.3007468332057,50.6992531667942,75407,49.963145550663256,99.99999999904274,total_votes,104465,52271
North Carolina,New Hanover County,131276,263116,100,2658280,2733687,North Carolina,NC,49.3007468332057,50.6992531667942,75407,49.89282293722201,99.99999999961993,total_votes,263116,131840
North Carolina,Northampton County,10084,20193,100,2658280,2733687,North Carolina,NC,49.3007468332057,50.6992531667942,75407,49.938097357998416,99.99999999504779,total_votes,20193,10109
North Carolina,Onslow County,71478,143713,100,2658280,2733687,North Carolina,NC,49.3007468332057,50.6992531667942,75407,49.73662786212982,99.99999999930417,total_votes,143713,72235
North Carolina,Orange County,84815,169812,100,2658280,2733687,North Carolina,NC,49.3007468332057,50.6992531667942,75407,49.94641132517168,99.9999999994111,total_votes,169812,84997
North Carolina,Pamlico County,7626,15257,100,2658280,2733687,North Carolina,NC,49.3007468332057,50.6992531667942,75407,49.9836140755074,99.99999999344563,total_votes,15257,7631
North Carolina,Pasquotank County,19811,39708,100,2658280,2733687,North Carolina,NC,49.3007468332057,50.6992531667942,75407,49.89170947794168,99.99999999748161,total_votes,39708,19897
North Carolina,Pender County,34005,68174,100,2658280,2733687,North Carolina,NC,49.3007468332057,50.6992531667942,75407,49.87971954044241,99.99999999853317,total_votes,68174,34169
North Carolina,Perquimans County,7471,14955,100,2658280,2733687,North Carolina,NC,49.3007468332057,50.6992531667942,75407,49.95653627215268,99.99999999331327,total_votes,14955,7484
North Carolina,Person County,21809,43703,100,2658280,2733687,North Carolina,NC,49.3007468332057,50.6992531667942,75407,49.90275267029946,99.99999999771183,total_votes,43703,21894
North Carolina,Pitt County,87388,174961,100,2658280,2733687,North Carolina,NC,49.3007468332057,50.6992531667942,75407,49.94713107463979,99.99999999942844,total_votes,174961,87573
North Carolina,Polk County,12299,24657,100,2658280,2733687,North Carolina,NC,49.3007468332057,50.6992531667942,75407,49.88035851685605,99.99999999594435,total_votes,24657,12358
North Carolina,Randolph County,72913,146229,100,2658280,2733687,North Carolina,NC,49.3007468332057,50.6992531667942,75407,49.862202435564335,99.99999999931613,total_votes,146229,73316
North Carolina,Richmond County,20631,41394,100,2658280,2733687,North Carolina,NC,49.3007468332057,50.6992531667942,75407,49.84055660120209,99.99999999758418,total_votes,41394,20763
North Carolina,Robeson County,46590,93778,100,2658280,2733687,North Carolina,NC,49.3007468332057,50.6992531667942,75407,49.68116189245153,99.99999999893366,total_votes,93778,47188
North Carolina,Rockingham County,47652,95461,100,2658280,2733687,North Carolina,NC,49.3007468332057,50.6992531667942,75407,49.917767464724676,99.99999999895246,total_votes,95461,47809
North Carolina,Rowan County,73219,146627,100,2658280,2733687,North Carolina,NC,49.3007468332057,50.6992531667942,75407,49.93555075088534,99.99999999931799,total_votes,146627,73408
North Carolina,Rutherford County,34276,68705,100,2658280,2733687,North Carolina,NC,49.3007468332057,50.6992531667942,75407,49.88865439123953,99.99999999854451,total_votes,68705,34429
North Carolina,Sampson County,28538,57156,100,2658280,2733687,North Carolina,NC,49.3007468332057,50.6992531667942,75407,49.93001609542428,99.9999999982504,total_votes,57156,28618
North Carolina,Scotland County,14647,29422,100,2658280,2733687,North Carolina,NC,49.3007468332057,50.6992531667942,75407,49.78247569676492,99.99999999660119,total_votes,29422,14775
North Carolina,Stanly County,33816,67755,100,2658280,2733687,North Carolina,NC,49.3007468332057,50.6992531667942,75407,49.90923179027513,99.9999999985241,total_votes,67755,33939
North Carolina,Stokes County,25681,51383,100,2658280,2733687,North Carolina,NC,49.3007468332057,50.6992531667942,75407,49.979565224880226,99.99999999805384,total_votes,51383,25702
North Carolina,Surry County,36599,73237,100,2658280,2733687,North Carolina,NC,49.3007468332057,50.6992531667942,75407,49.97337411349491,99.99999999863458,total_votes,73237,36638
North Carolina,Swain County,7029,14097,100,2658280,2733687,North Carolina,NC,49.3007468332057,50.6992531667942,75407,49.861672692781326,99.99999999290628,total_votes,14097,7068
North Carolina,Transylvania County,20325,40729,100,2658280,2733687,North Carolina,NC,49.3007468332057,50.6992531667942,75407,49.903017504728744,99.99999999754475,total_votes,40729,20404
North Carolina,Tyrrell County,1802,3619,100,2658280,2733687,North Carolina,NC,49.3007468332057,50.6992531667942,75407,49.7927604172996,99.99999997236806,total_votes,3619,1817
North Carolina,Union County,130471,261482,100,2658280,2733687,North Carolina,NC,49.3007468332057,50.6992531667942,75407,49.896742414200986,99.99999999961756,total_votes,261482,131011
North Carolina,Vance County,20950,41949,100,2658280,2733687,North Carolina,NC,49.3007468332057,50.6992531667942,75407,49.94159574602633,99.99999999761616,total_votes,41949,20999
North Carolina,Wake County,629673,1261503,100,2658280,2733687,North Carolina,NC,49.3007468332057,50.6992531667942,75407,49.914506743107296,99.99999999992073,total_votes,1261503,631830
North Carolina,Warren County,10295,20588,100,2658280,2733687,North Carolina,NC,49.3007468332057,50.6992531667942,75407,50.004857195939145,99.9999999951428,total_votes,20588,10293
North Carolina,Washington County,6191,12396,100,2658280,2733687,North Carolina,NC,49.3007468332057,50.6992531667942,75407,49.9435301669939,99.99999999193288,total_votes,12396,6205
North Carolina,Watauga County,32040,64260,100,2658280,2733687,North Carolina,NC,49.3007468332057,50.6992531667942,75407,49.859943976815124,99.99999999844383,total_votes,64260,32220
North Carolina,Wayne County,55316,110853,100,2658280,2733687,North Carolina,NC,49.3007468332057,50.6992531667942,75407,49.900318439285364,99.99999999909791,total_votes,110853,55537
North Carolina,Wilkes County,35350,70814,100,2658280,2733687,North Carolina,NC,49.3007468332057,50.6992531667942,75407,49.9195074413263,99.99999999858787,total_votes,70814,35464
North Carolina,Wilson County,40685,81420,100,2658280,2733687,North Carolina,NC,49.3007468332057,50.6992531667942,75407,49.969295012896474,99.9999999987718,total_votes,81420,40735
North Carolina,Yadkin County,19900,39823,100,2658280,2733687,North Carolina,NC,49.3007468332057,50.6992531667942,75407,49.97112221455011,99.99999999748889,total_votes,39823,19923
North Carolina,Yancey County,11374,22726,100,2658280,2733687,North Carolina,NC,49.3007468332057,50.6992531667942,75407,50.048402708349535,99.99999999559975,total_votes,22726,11352
North Dakota,Adams County,1203,2472,100,114687,234962,North Dakota,ND,32.8006086103492,67.1993913896507,120275,48.66504852400281,99.99999995954693,total_votes,2472,1269
North Dakota,Barnes County,5314,10879,100,114687,234962,North Dakota,ND,32.8006086103492,67.1993913896507,120275,48.846401319161096,99.99999999080798,total_votes,10879,5565
North Dakota,Benson County,1867,3828,100,114687,234962,North Dakota,ND,32.8006086103492,67.1993913896507,120275,48.772204793946656,99.9999999738767,total_votes,3828,1961
North Dakota,Billings County,527,1162,100,114687,234962,North Dakota,ND,32.8006086103492,67.1993913896507,120275,45.3528398921232,99.99999991394148,total_votes,1162,635
North Dakota,Bottineau County,3334,6805,100,114687,234962,North Dakota,ND,32.8006086103492,67.1993913896507,120275,48.99338720808326,99.99999998530492,total_votes,6805,3471
North Dakota,Bowman County,1478,3135,100,114687,234962,North Dakota,ND,32.8006086103492,67.1993913896507,120275,47.14513555114988,99.99999996810209,total_votes,3135,1657
North Dakota,Burke County,1032,2187,100,114687,234962,North Dakota,ND,32.8006086103492,67.1993913896507,120275,47.1879286478336,99.99999995427527,total_votes,2187,1155
North Dakota,Burleigh County,45516,96269,100,114687,234962,North Dakota,ND,32.8006086103492,67.1993913896507,120275,47.28001745060944,99.99999999896126,total_votes,96269,50753
North Dakota,Cass County,84441,170494,100,114687,234962,North Dakota,ND,32.8006086103492,67.1993913896507,120275,49.52725609083294,99.99999999941348,total_votes,170494,86053
North Dakota,Cavalier County,1949,3969,100,114687,234962,North Dakota,ND,32.8006086103492,67.1993913896507,120275,49.105568140814924,99.99999997480474,total_votes,3969,2020
North Dakota,Dickey County,2342,4766,100,114687,234962,North Dakota,ND,32.8006086103492,67.1993913896507,120275,49.13973981344109,99.99999997901804,total_votes,4766,2424
North Dakota,Divide County,1158,2360,100,114687,234962,North Dakota,ND,32.8006086103492,67.1993913896507,120275,49.067796589378055,99.99999995762713,total_votes,2360,1202
North Dakota,Dunn County,2090,4428,100,114687,234962,North Dakota,ND,32.8006086103492,67.1993913896507,120275,47.19963865239393,99.99999997741644,total_votes,4428,2338
North Dakota,Eddy County,1191,2452,100,114687,234962,North Dakota,ND,32.8006086103492,67.1993913896507,120275,48.57259378116942,99.99999995921696,total_votes,2452,1261
North Dakota,Emmons County,1698,3707,100,114687,234962,North Dakota,ND,32.8006086103492,67.1993913896507,120275,45.805233329968914,99.99999997302402,total_votes,3707,2009
North Dakota,Foster County,1665,3443,100,114687,234962,North Dakota,ND,32.8006086103492,67.1993913896507,120275,48.358989239512354,99.99999997095557,total_votes,3443,1778
North Dakota,Golden Valley County,943,1969,100,114687,234962,North Dakota,ND,32.8006086103492,67.1993913896507,120275,47.89233110823142,99.99999994921279,total_votes,1969,1026
North Dakota,Grand Forks County,30111,61081,100,114687,234962,North Dakota,ND,32.8006086103492,67.1993913896507,120275,49.29683534897437,99.99999999836284,total_votes,61081,30970
North Dakota,Grant County,1206,2587,100,114687,234962,North Dakota,ND,32.8006086103492,67.1993913896507,120275,46.61770388611608,99.99999996134518,total_votes,2587,1381
North Dakota,Griggs County,1204,2454,100,114687,234962,North Dakota,ND,32.8006086103492,67.1993913896507,120275,49.0627546662336,99.9999999592502,total_votes,2454,1250
North Dakota,Hettinger County,1141,2453,100,114687,234962,North Dakota,ND,32.8006086103492,67.1993913896507,120275,46.514472056047914,99.9999999592336,total_votes,2453,1312
North Dakota,Kidder County,1218,2678,100,114687,234962,North Dakota,ND,32.8006086103492,67.1993913896507,120275,45.48170274627271,99.9999999626587,total_votes,2678,1460
North Dakota,Lamoure County,2126,4345,100,114687,234962,North Dakota,ND,32.8006086103492,67.1993913896507,120275,48.92980436158117,99.99999997698504,total_votes,4345,2219
North Dakota,Logan County,902,1978,100,114687,234962,North Dakota,ND,32.8006086103492,67.1993913896507,120275,45.60161777269888,99.99999994944388,total_votes,1978,1076
North Dakota,Mchenry County,2794,5797,100,114687,234962,North Dakota,ND,32.8006086103492,67.1993913896507,120275,48.197343445196246,99.99999998274969,total_votes,5797,3003
North Dakota,Mcintosh County,1374,2829,100,114687,234962,North Dakota,ND,32.8006086103492,67.1993913896507,120275,48.568398710297494,99.99999996465182,total_votes,2829,1455
North Dakota,Mckenzie County,5156,10575,100,114687,234962,North Dakota,ND,32.8006086103492,67.1993913896507,120275,48.75650117742255,99.99999999054373,total_votes,10575,5419
North Dakota,Mclean County,4865,10401,100,114687,234962,North Dakota,ND,32.8006086103492,67.1993913896507,120275,46.77434861582787,99.99999999038553,total_votes,10401,5536
North Dakota,Mercer County,4118,8930,86,114687,234962,North Dakota,ND,32.8006086103492,67.1993913896507,120275,46.11422171936011,99.99999998880179,total_votes,8930,4812
North Dakota,Morton County,14460,31079,100,114687,234962,North Dakota,ND,32.8006086103492,67.1993913896507,120275,46.526593518242976,99.99999999678239,total_votes,31079,16619
North Dakota,Mountrail County,3933,8098,100,114687,234962,North Dakota,ND,32.8006086103492,67.1993913896507,120275,48.56754753660564,99.99999998765126,total_votes,8098,4165
North Dakota,Nelson County,1736,3513,100,114687,234962,North Dakota,ND,32.8006086103492,67.1993913896507,120275,49.41645315985868,99.99999997153431,total_votes,3513,1777
North Dakota,Oliver County,908,1974,100,114687,234962,North Dakota,ND,32.8006086103492,67.1993913896507,120275,45.99797363424621,99.99999994934143,total_votes,1974,1066
North Dakota,Pembina County,3167,6498,100,114687,234962,North Dakota,ND,32.8006086103492,67.1993913896507,120275,48.73807324580823,99.99999998461064,total_votes,6498,3331
North Dakota,Pierce County,1956,4084,100,114687,234962,North Dakota,ND,32.8006086103492,67.1993913896507,120275,47.89422133988878,99.99999997551421,total_votes,4084,2128
North Dakota,Ramsey County,5181,10553,100,114687,234962,North Dakota,ND,32.8006086103492,67.1993913896507,120275,49.0950440586473,99.99999999052402,total_votes,10553,5372
North Dakota,Ransom County,2393,4847,100,114687,234962,North Dakota,ND,32.8006086103492,67.1993913896507,120275,49.37074478040628,99.99999997936867,total_votes,4847,2454
North Dakota,Renville County,1275,2594,100,114687,234962,North Dakota,ND,32.8006086103492,67.1993913896507,120275,49.15188895560837,99.9999999614495,total_votes,2594,1319
North Dakota,Richland County,7657,15469,100,114687,234962,North Dakota,ND,32.8006086103492,67.1993913896507,120275,49.4989979927921,99.99999999353545,total_votes,15469,7812
North Dakota,Rolette County,3727,7531,100,114687,234962,North Dakota,ND,32.8006086103492,67.1993913896507,120275,49.488779703958464,99.99999998672155,total_votes,7531,3804
North Dakota,Sargent County,2038,4108,100,114687,234962,North Dakota,ND,32.8006086103492,67.1993913896507,120275,49.6105160541357,99.99999997565725,total_votes,4108,2070
North Dakota,Sheridan County,660,1472,100,114687,234962,North Dakota,ND,32.8006086103492,67.1993913896507,120275,44.83695649127924,99.99999993206521,total_votes,1472,812
North Dakota,Sioux County,1084,2270,100,114687,234962,North Dakota,ND,32.8006086103492,67.1993913896507,120275,47.753303943721015,99.99999995594713,total_votes,2270,1186
North Dakota,Slope County,385,812,100,114687,234962,North Dakota,ND,32.8006086103492,67.1993913896507,120275,47.413793045056906,99.99999987684728,total_votes,812,427
North Dakota,Stark County,13230,28280,100,114687,234962,North Dakota,ND,32.8006086103492,67.1993913896507,120275,46.78217821616753,99.99999999646393,total_votes,28280,15050
North Dakota,Steele County,1071,2159,100,114687,234962,North Dakota,ND,32.8006086103492,67.1993913896507,120275,49.60629918962191,99.99999995368226,total_votes,2159,1088
North Dakota,Stutsman County,9458,19417,100,114687,234962,North Dakota,ND,32.8006086103492,67.1993913896507,120275,48.7098933898795,99.99999999484987,total_votes,19417,9959
North Dakota,Towner County,1125,2299,100,114687,234962,North Dakota,ND,32.8006086103492,67.1993913896507,120275,48.934319247962456,99.99999995650283,total_votes,2299,1174
North Dakota,Traill County,4052,8188,100,114687,234962,North Dakota,ND,32.8006086103492,67.1993913896507,120275,49.487054219652286,99.999999987787,total_votes,8188,4136
North Dakota,Walsh County,4556,9339,100,114687,234962,North Dakota,ND,32.8006086103492,67.1993913896507,120275,48.784666447287215,99.9999999892922,total_votes,9339,4783
North Dakota,Ward County,27144,55390,100,114687,234962,North Dakota,ND,32.8006086103492,67.1993913896507,120275,49.00523560120951,99.99999999819462,total_votes,55390,28246
North Dakota,Wells County,2060,4434,100,114687,234962,North Dakota,ND,32.8006086103492,67.1993913896507,120275,46.45917906033848,99.99999997744699,total_votes,4434,2374
North Dakota,Williams County,12902,27236,100,114687,234962,North Dakota,ND,32.8006086103492,67.1993913896507,120275,47.3711264485471,99.9999999963284,total_votes,27236,14334
Utah,Beaver County,2964,6064,100,489465,759583,Utah,UT,39.1870448533603,60.8129551466396,270118,48.87862796027727,99.99999998350923,total_votes,6064,3100
Utah,Box Elder County,26549,53572,100,489465,759583,Utah,UT,39.1870448533603,60.8129551466396,270118,49.55760471795793,99.99999999813335,total_votes,53572,27023
Utah,Cache County,56560,114094,100,489465,759583,Utah,UT,39.1870448533603,60.8129551466396,270118,49.5731589737447,99.99999999912353,total_votes,114094,57534
Utah,Carbon County,9023,18392,100,489465,759583,Utah,UT,39.1870448533603,60.8129551466396,270118,49.05937363804592,99.99999999456286,total_votes,18392,9369
Utah,Daggett County,591,1210,100,489465,759583,Utah,UT,39.1870448533603,60.8129551466396,270118,48.84297516624547,99.99999991735537,total_votes,1210,619
Utah,Davis County,168353,338167,100,489465,759583,Utah,UT,39.1870448533603,60.8129551466396,270118,49.783982470052415,99.99999999970429,total_votes,338167,169814
Utah,Duchesne County,8246,16770,100,489465,759583,Utah,UT,39.1870448533603,60.8129551466396,270118,49.171138935648706,99.99999999403697,total_votes,16770,8524
Utah,Emery County,4731,9596,100,489465,759583,Utah,UT,39.1870448533603,60.8129551466396,270118,49.30179240836788,99.999999989579,total_votes,9596,4865
Utah,Garfield County,2645,5377,100,489465,759583,Utah,UT,39.1870448533603,60.8129551466396,270118,49.190998689010414,99.99999998140227,total_votes,5377,2732
Utah,Grand County,5052,10237,100,489465,759583,Utah,UT,39.1870448533603,60.8129551466396,270118,49.350395618897096,99.99999999023152,total_votes,10237,5185
Utah,Iron County,24116,49006,100,489465,759583,Utah,UT,39.1870448533603,60.8129551466396,270118,49.21030077849222,99.99999999795943,total_votes,49006,24890
Utah,Juab County,5736,11601,100,489465,759583,Utah,UT,39.1870448533603,60.8129551466396,270118,49.444013442854576,99.99999999138005,total_votes,11601,5865
Utah,Kane County,4020,8200,100,489465,759583,Utah,UT,39.1870448533603,60.8129551466396,270118,49.02439023792385,99.99999998780488,total_votes,8200,4180
Utah,Millard County,5992,12152,100,489465,759583,Utah,UT,39.1870448533603,60.8129551466396,270118,49.308755756310994,99.99999999177089,total_votes,12152,6160
Utah,Morgan County,6400,12912,100,489465,759583,Utah,UT,39.1870448533603,60.8129551466396,270118,49.56629491561599,99.99999999225525,total_votes,12912,6512
Utah,Piute County,830,1701,100,489465,759583,Utah,UT,39.1870448533603,60.8129551466396,270118,48.79482654391838,99.99999994121104,total_votes,1701,871
Utah,Rich County,1334,2697,100,489465,759583,Utah,UT,39.1870448533603,60.8129551466396,270118,49.46236557305808,99.99999996292178,total_votes,2697,1363
Utah,Salt Lake County,528966,1069932,100,489465,759583,Utah,UT,39.1870448533603,60.8129551466396,270118,49.439216697837395,99.99999999990654,total_votes,1069932,540966
Utah,San Juan County,6580,13457,100,489465,759583,Utah,UT,39.1870448533603,60.8129551466396,270118,48.89648509705755,99.99999999256892,total_votes,13457,6877
Utah,Sanpete County,12454,25079,100,489465,759583,Utah,UT,39.1870448533603,60.8129551466396,270118,49.65907731370234,99.9999999960126,total_votes,25079,12625
Utah,Sevier County,10147,20509,100,489465,759583,Utah,UT,39.1870448533603,60.8129551466396,270118,49.475839872764354,99.99999999512409,total_votes,20509,10362
Utah,Summit County,25301,51387,100,489465,759583,Utah,UT,39.1870448533603,60.8129551466396,270118,49.236188140011365,99.99999999805398,total_votes,51387,26086
Utah,Tooele County,30649,62155,100,489465,759583,Utah,UT,39.1870448533603,60.8129551466396,270118,49.31059448074474,99.99999999839112,total_votes,62155,31506
Utah,Uintah County,14838,30141,100,489465,759583,Utah,UT,39.1870448533603,60.8129551466396,270118,49.22862545870314,99.99999999668225,total_votes,30141,15303
Utah,Utah County,281498,565784,100,489465,759583,Utah,UT,39.1870448533603,60.8129551466396,270118,49.75361622094341,99.99999999982325,total_votes,565784,284286
Utah,Wasatch County,17293,34872,100,489465,759583,Utah,UT,39.1870448533603,60.8129551466396,270118,49.58992888134922,99.99999999713238,total_votes,34872,17579
Utah,Washington County,87862,178319,100,489465,759583,Utah,UT,39.1870448533603,60.8129551466396,270118,49.272371423969,99.99999999943921,total_votes,178319,90457
Utah,Wayne County,1581,3202,100,489465,759583,Utah,UT,39.1870448533603,60.8129551466396,270118,49.3753903655917,99.99999996876953,total_votes,3202,1621
Utah,Weber County,108567,219970,100,489465,759583,Utah,UT,39.1870448533603,60.8129551466396,270118,49.355366640681204,99.99999999954538,total_votes,219970,111403
Vermont,Jamaica,574,1155,100,227231,111131,Vermont,VT,67.1561818407504,32.8438181592495,-116100,49.69696965394201,99.9999999134199,total_votes,1155,581
Vermont,Jay,293,587,100,227231,111131,Vermont,VT,67.1561818407504,32.8438181592495,-116100,49.91482103932739,99.99999982964225,total_votes,587,294
Vermont,Jericho,3635,7297,100,227231,111131,Vermont,VT,67.1561818407504,32.8438181592495,-116100,49.814992455829106,99.99999998629573,total_votes,7297,3662
Vermont,Johnson,1569,3158,100,227231,111131,Vermont,VT,67.1561818407504,32.8438181592495,-116100,49.683343872804514,99.9999999683344,total_votes,3158,1589
Vermont,Kirby,328,657,100,227231,111131,Vermont,VT,67.1561818407504,32.8438181592495,-116100,49.9238964232513,99.99999984779299,total_votes,657,329
Vermont,Landgrove,135,270,100,227231,111131,Vermont,VT,67.1561818407504,32.8438181592495,-116100,49.999999814814814,99.99999962962963,total_votes,270,135
Vermont,Leicester,540,1082,100,227231,111131,Vermont,VT,67.1561818407504,32.8438181592495,-116100,49.9075785121002,99.99999990757856,total_votes,1082,542
Vermont,Lemington,50,100,100,227231,111131,Vermont,VT,67.1561818407504,32.8438181592495,-116100,49.99999950000001,99.99999900000002,total_votes,100,50
Vermont,Lincoln,945,1904,100,227231,111131,Vermont,VT,67.1561818407504,32.8438181592495,-116100,49.63235291510906,99.99999994747898,total_votes,1904,959
Vermont,Londonderry,1106,2224,100,227231,111131,Vermont,VT,67.1561818407504,32.8438181592495,-116100,49.730215804977426,99.99999995503597,total_votes,2224,1118
Vermont,Barnet,1078,2173,100,227231,111131,Vermont,VT,67.1561818407504,32.8438181592495,-116100,49.608835688168966,99.99999995398068,total_votes,2173,1095
Vermont,Lowell,476,963,100,227231,111131,Vermont,VT,67.1561818407504,32.8438181592495,-116100,49.4288680691289,99.99999989615785,total_votes,963,487
Vermont,Ludlow,1214,2451,100,227231,111131,Vermont,VT,67.1561818407504,32.8438181592495,-116100,49.530803733361566,99.99999995920034,total_votes,2451,1237
Vermont,Lunenburg,619,1252,100,227231,111131,Vermont,VT,67.1561818407504,32.8438181592495,-116100,49.440894529200555,99.99999992012779,total_votes,1252,633
Vermont,Lyndon,2405,4845,100,227231,111131,Vermont,VT,67.1561818407504,32.8438181592495,-116100,49.638802879331514,99.99999997936015,total_votes,4845,2440
Vermont,Maidstone,137,282,100,227231,111131,Vermont,VT,67.1561818407504,32.8438181592495,-116100,48.581560111412905,99.99999964539008,total_votes,282,145
Vermont,Manchester,2724,5509,100,227231,111131,Vermont,VT,67.1561818407504,32.8438181592495,-116100,49.4463604920228,99.99999998184788,total_votes,5509,2785
Vermont,Marlboro,643,1289,100,227231,111131,Vermont,VT,67.1561818407504,32.8438181592495,-116100,49.88363068279004,99.99999992242047,total_votes,1289,646
Vermont,Marshfield,954,1918,100,227231,111131,Vermont,VT,67.1561818407504,32.8438181592495,-116100,49.7393117571745,99.99999994786235,total_votes,1918,964
Vermont,Mendon,776,1556,100,227231,111131,Vermont,VT,67.1561818407504,32.8438181592495,-116100,49.87146526357875,99.99999993573265,total_votes,1556,780
Vermont,Middlebury,4272,8603,100,227231,111131,Vermont,VT,67.1561818407504,32.8438181592495,-116100,49.65709635596221,99.99999998837615,total_votes,8603,4331
Vermont,Barre,3772,7579,100,227231,111131,Vermont,VT,67.1561818407504,32.8438181592495,-116100,49.769098819135884,99.99999998680565,total_votes,7579,3807
Vermont,Middlesex,1243,2486,100,227231,111131,Vermont,VT,67.1561818407504,32.8438181592495,-116100,49.99999997988737,99.99999995977474,total_votes,2486,1243
Vermont,Middletown Springs,547,1096,100,227231,111131,Vermont,VT,67.1561818407504,32.8438181592495,-116100,49.908759078550396,99.99999990875912,total_votes,1096,549
Vermont,Milton,6093,12261,100,227231,111131,Vermont,VT,67.1561818407504,32.8438181592495,-116100,49.694152185817295,99.99999999184406,total_votes,12261,6168
Vermont,Monkton,1400,2803,100,227231,111131,Vermont,VT,67.1561818407504,32.8438181592495,-116100,49.94648589013683,99.99999996432393,total_votes,2803,1403
Vermont,Montgomery,747,1503,100,227231,111131,Vermont,VT,67.1561818407504,32.8438181592495,-116100,49.700598769327605,99.99999993346638,total_votes,1503,756
Vermont,Montpelier,5115,10300,100,227231,111131,Vermont,VT,67.1561818407504,32.8438181592495,-116100,49.6601941699359,99.99999999029126,total_votes,10300,5185
Vermont,Moretown,1188,2376,100,227231,111131,Vermont,VT,67.1561818407504,32.8438181592495,-116100,49.99999997895623,99.99999995791246,total_votes,2376,1188
Vermont,Morgan,389,790,100,227231,111131,Vermont,VT,67.1561818407504,32.8438181592495,-116100,49.240506266784166,99.99999987341772,total_votes,790,401
Vermont,Morristown,3182,6379,100,227231,111131,Vermont,VT,67.1561818407504,32.8438181592495,-116100,49.8824267048311,99.99999998432355,total_votes,6379,3197
Vermont,Mount Holly,834,1682,100,227231,111131,Vermont,VT,67.1561818407504,32.8438181592495,-116100,49.583828745788445,99.99999994054696,total_votes,1682,848
Vermont,Barre Town,4757,9523,100,227231,111131,Vermont,VT,67.1561818407504,32.8438181592495,-116100,49.95274597816311,99.9999999894991,total_votes,9523,4766
Vermont,Mount Tabor,115,232,100,227231,111131,Vermont,VT,67.1561818407504,32.8438181592495,-116100,49.56896530358205,99.99999956896552,total_votes,232,117
Vermont,Newark,340,686,100,227231,111131,Vermont,VT,67.1561818407504,32.8438181592495,-116100,49.562682143494634,99.99999985422741,total_votes,686,346
Vermont,Newbury,1195,2423,95,227231,111131,Vermont,VT,67.1561818407504,32.8438181592495,-116100,49.31902598047089,99.99999995872886,total_votes,2423,1228
Vermont,Newfane,1117,2258,100,227231,111131,Vermont,VT,67.1561818407504,32.8438181592495,-116100,49.468556222555996,99.99999995571302,total_votes,2258,1141
Vermont,New Haven,1164,2336,100,227231,111131,Vermont,VT,67.1561818407504,32.8438181592495,-116100,49.82876710195686,99.99999995719179,total_votes,2336,1172
Vermont,Newport,1805,3647,100,227231,111131,Vermont,VT,67.1561818407504,32.8438181592495,-116100,49.49273374019942,99.99999997258021,total_votes,3647,1842
Vermont,Newport Town,768,1544,100,227231,111131,Vermont,VT,67.1561818407504,32.8438181592495,-116100,49.740932610271415,99.99999993523315,total_votes,1544,776
Vermont,Northfield,2448,4913,100,227231,111131,Vermont,VT,67.1561818407504,32.8438181592495,-116100,49.8269896092353,99.99999997964582,total_votes,4913,2465
Vermont,North Hero,700,1405,100,227231,111131,Vermont,VT,67.1561818407504,32.8438181592495,-116100,49.82206402147896,99.99999992882562,total_votes,1405,705
Vermont,Norton,106,214,100,227231,111131,Vermont,VT,67.1561818407504,32.8438181592495,-116100,49.53271004891257,99.99999953271028,total_votes,214,108
Vermont,Barton,1270,2566,100,227231,111131,Vermont,VT,67.1561818407504,32.8438181592495,-116100,49.493374883283956,99.99999996102883,total_votes,2566,1296
Vermont,Norwich,2490,5060,100,227231,111131,Vermont,VT,67.1561818407504,32.8438181592495,-116100,49.20948615628271,99.99999998023713,total_votes,5060,2570
Vermont,Orange,612,1224,100,227231,111131,Vermont,VT,67.1561818407504,32.8438181592495,-116100,49.99999995915032,99.99999991830065,total_votes,1224,612
Vermont,Orwell,742,1494,100,227231,111131,Vermont,VT,67.1561818407504,32.8438181592495,-116100,49.66532794533779,99.99999993306558,total_votes,1494,752
Vermont,Panton,417,837,100,227231,111131,Vermont,VT,67.1561818407504,32.8438181592495,-116100,49.82078847094291,99.99999988052569,total_votes,837,420
Vermont,Pawlet,876,1763,100,227231,111131,Vermont,VT,67.1561818407504,32.8438181592495,-116100,49.68803173585477,99.9999999432785,total_votes,1763,887
Vermont,Peacham,516,1035,100,227231,111131,Vermont,VT,67.1561818407504,32.8438181592495,-116100,49.85507241559896,99.99999990338164,total_votes,1035,519
Vermont,Peru,295,595,100,227231,111131,Vermont,VT,67.1561818407504,32.8438181592495,-116100,49.57983184944566,99.99999983193277,total_votes,595,300
Vermont,Pittsfield,330,662,100,227231,111131,Vermont,VT,67.1561818407504,32.8438181592495,-116100,49.848942522886794,99.9999998489426,total_votes,662,332
Vermont,Pittsford,1711,3448,100,227231,111131,Vermont,VT,67.1561818407504,32.8438181592495,-116100,49.6229698231952,99.99999997099769,total_votes,3448,1737
Vermont,Plainfield,806,1620,100,227231,111131,Vermont,VT,67.1561818407504,32.8438181592495,-116100,49.7530863890413,99.9999999382716,total_votes,1620,814
Vermont,Belvidere,176,352,100,227231,111131,Vermont,VT,67.1561818407504,32.8438181592495,-116100,49.99999985795455,99.9999997159091,total_votes,352,176
Vermont,Plymouth,371,742,100,227231,111131,Vermont,VT,67.1561818407504,32.8438181592495,-116100,49.99999993261455,99.9999998652291,total_votes,742,371
Vermont,Pomfret,669,1348,100,227231,111131,Vermont,VT,67.1561818407504,32.8438181592495,-116100,49.62908008187753,99.99999992581601,total_votes,1348,679
Vermont,Poultney,1629,3293,100,227231,111131,Vermont,VT,67.1561818407504,32.8438181592495,-116100,49.468569678266455,99.99999996963255,total_votes,3293,1664
Vermont,Pownal,1742,3520,100,227231,111131,Vermont,VT,67.1561818407504,32.8438181592495,-116100,49.48863634957709,99.99999997159091,total_votes,3520,1778
Vermont,Proctor,950,1905,100,227231,111131,Vermont,VT,67.1561818407504,32.8438181592495,-116100,49.86876637802164,99.99999994750655,total_votes,1905,955
Vermont,Putney,1487,3002,100,227231,111131,Vermont,VT,67.1561818407504,32.8438181592495,-116100,49.53364422067501,99.99999996668888,total_votes,3002,1515
Vermont,Randolph,2583,5169,100,227231,111131,Vermont,VT,67.1561818407504,32.8438181592495,-116100,49.97098083769182,99.99999998065388,total_votes,5169,2586
Vermont,Reading,439,884,100,227231,111131,Vermont,VT,67.1561818407504,32.8438181592495,-116100,49.66063342798571,99.99999988687783,total_votes,884,445
Vermont,Readsboro,416,847,100,227231,111131,Vermont,VT,67.1561818407504,32.8438181592495,-116100,49.114521783808115,99.99999988193625,total_votes,847,431
Vermont,Richford,926,1868,100,227231,111131,Vermont,VT,67.1561818407504,32.8438181592495,-116100,49.5717344488374,99.9999999464668,total_votes,1868,942
Vermont,Bennington,6897,13993,100,227231,111131,Vermont,VT,67.1561818407504,32.8438181592495,-116100,49.288930175853004,99.99999999285357,total_votes,13993,7096
Vermont,Richmond,2918,5859,100,227231,111131,Vermont,VT,67.1561818407504,32.8438181592495,-116100,49.80372076296232,99.99999998293222,total_votes,5859,2941
Vermont,Ripton,361,730,100,227231,111131,Vermont,VT,67.1561818407504,32.8438181592495,-116100,49.452054726778,99.9999998630137,total_votes,730,369
Vermont,Rochester,722,1454,100,227231,111131,Vermont,VT,67.1561818407504,32.8438181592495,-116100,49.65612101124063,99.99999993122421,total_votes,1454,732
Vermont,Rockingham,2466,4985,100,227231,111131,Vermont,VT,67.1561818407504,32.8438181592495,-116100,49.468405205723485,99.99999997993982,total_votes,4985,2519
Vermont,Roxbury,431,864,100,227231,111131,Vermont,VT,67.1561818407504,32.8438181592495,-116100,49.884259201522845,99.99999988425927,total_votes,864,433
Vermont,Royalton,1462,2948,100,227231,111131,Vermont,VT,67.1561818407504,32.8438181592495,-116100,49.592944352241204,99.9999999660787,total_votes,2948,1486
Vermont,Rupert,432,869,100,227231,111131,Vermont,VT,67.1561818407504,32.8438181592495,-116100,49.7123129462459,99.9999998849252,total_votes,869,437
Vermont,Rutland,7871,15871,100,227231,111131,Vermont,VT,67.1561818407504,32.8438181592495,-116100,49.59359838387035,99.99999999369919,total_votes,15871,8000
Vermont,Rutland Town,2462,4948,100,227231,111131,Vermont,VT,67.1561818407504,32.8438181592495,-116100,49.75747775873939,99.9999999797898,total_votes,4948,2486
Vermont,Ryegate,638,1286,100,227231,111131,Vermont,VT,67.1561818407504,32.8438181592495,-116100,49.61119747308616,99.9999999222395,total_votes,1286,648
Vermont,Benson,579,1162,100,227231,111131,Vermont,VT,67.1561818407504,32.8438181592495,-116100,49.82788291753194,99.99999991394148,total_votes,1162,583
Vermont,St. Albans,3019,6076,100,227231,111131,Vermont,VT,67.1561818407504,32.8438181592495,-116100,49.68729426437009,99.9999999835418,total_votes,6076,3057
Vermont,St. Albans Town,3778,7572,100,227231,111131,Vermont,VT,67.1561818407504,32.8438181592495,-116100,49.894347589818494,99.99999998679344,total_votes,7572,3794
Vermont,St. George,447,900,100,227231,111131,Vermont,VT,67.1561818407504,32.8438181592495,-116100,49.66666661148148,99.9999998888889,total_votes,900,453
Vermont,St. Johnsbury,3350,6727,100,227231,111131,Vermont,VT,67.1561818407504,32.8438181592495,-116100,49.79931618109122,99.99999998513452,total_votes,6727,3377
Vermont,Salisbury,678,1356,100,227231,111131,Vermont,VT,67.1561818407504,32.8438181592495,-116100,49.99999996312684,99.99999992625368,total_votes,1356,678
Vermont,Sandgate,249,502,100,227231,111131,Vermont,VT,67.1561818407504,32.8438181592495,-116100,49.60159352669005,99.99999980079681,total_votes,502,253
Vermont,Searsburg,62,126,100,227231,111131,Vermont,VT,67.1561818407504,32.8438181592495,-116100,49.20634881582263,99.99999920634922,total_votes,126,64
Vermont,Shaftsbury,2196,4335,95,227231,111131,Vermont,VT,67.1561818407504,32.8438181592495,-116100,50.657439434681095,99.99999997693195,total_votes,4335,2139
Vermont,Sharon,893,1787,100,227231,111131,Vermont,VT,67.1561818407504,32.8438181592495,-116100,49.97202011753104,99.99999994404028,total_votes,1787,894
Vermont,Sheffield,368,742,100,227231,111131,Vermont,VT,67.1561818407504,32.8438181592495,-116100,49.59568726469584,99.9999998652291,total_votes,742,374
Vermont,Berkshire,707,1418,100,227231,111131,Vermont,VT,67.1561818407504,32.8438181592495,-116100,49.85895624128423,99.99999992947814,total_votes,1418,711
Vermont,Shelburne,5358,10777,100,227231,111131,Vermont,VT,67.1561818407504,32.8438181592495,-116100,49.716989881254804,99.99999999072098,total_votes,10777,5419
Vermont,Sheldon,993,2008,100,227231,111131,Vermont,VT,67.1561818407504,32.8438181592495,-116100,49.452191210432176,99.9999999501992,total_votes,2008,1015
Vermont,Killington,825,1661,100,227231,111131,Vermont,VT,67.1561818407504,32.8438181592495,-116100,49.668874142282434,99.99999993979529,total_votes,1661,836
Vermont,Shoreham,738,1480,100,227231,111131,Vermont,VT,67.1561818407504,32.8438181592495,-116100,49.86486483117238,99.99999993243243,total_votes,1480,742
Vermont,Shrewsbury,678,1368,100,227231,111131,Vermont,VT,67.1561818407504,32.8438181592495,-116100,49.56140347254283,99.99999992690057,total_votes,1368,690
Vermont,South Burlington,12507,25177,100,227231,111131,Vermont,VT,67.1561818407504,32.8438181592495,-116100,49.67629185170289,99.99999999602812,total_votes,25177,12670
Vermont,South Hero,1306,2615,100,227231,111131,Vermont,VT,67.1561818407504,32.8438181592495,-116100,49.94263860422844,99.99999996175909,total_votes,2615,1309
Vermont,Springfield,4405,8921,100,227231,111131,Vermont,VT,67.1561818407504,32.8438181592495,-116100,49.377872430290566,99.99999998879049,total_votes,8921,4516
Vermont,Stamford,509,1048,100,227231,111131,Vermont,VT,67.1561818407504,32.8438181592495,-116100,48.56870224373215,99.99999990458014,total_votes,1048,539
Vermont,Stannard,112,226,100,227231,111131,Vermont,VT,67.1561818407504,32.8438181592495,-116100,49.557521904612734,99.99999955752213,total_votes,226,114
Vermont,Berlin,1536,3072,100,227231,111131,Vermont,VT,67.1561818407504,32.8438181592495,-116100,49.99999998372396,99.99999996744792,total_votes,3072,1536
Vermont,Starksboro,1020,2043,100,227231,111131,Vermont,VT,67.1561818407504,32.8438181592495,-116100,49.926578536501914,99.99999995105236,total_votes,2043,1023
Vermont,Stockbridge,471,948,100,227231,111131,Vermont,VT,67.1561818407504,32.8438181592495,-116100,49.68354425138867,99.99999989451477,total_votes,948,477
Vermont,Stowe,3388,6794,100,227231,111131,Vermont,VT,67.1561818407504,32.8438181592495,-116100,49.867530166342725,99.99999998528114,total_votes,6794,3406
Vermont,Strafford,794,1594,100,227231,111131,Vermont,VT,67.1561818407504,32.8438181592495,-116100,49.81179419710677,99.99999993726473,total_votes,1594,800
Vermont,Stratton,190,380,100,227231,111131,Vermont,VT,67.1561818407504,32.8438181592495,-116100,49.99999986842105,99.9999997368421,total_votes,380,190
Vermont,Sudbury,386,774,100,227231,111131,Vermont,VT,67.1561818407504,32.8438181592495,-116100,49.87080096915918,99.99999987080103,total_votes,774,388
Vermont,Sunderland,643,1295,100,227231,111131,Vermont,VT,67.1561818407504,32.8438181592495,-116100,49.65250961416795,99.99999992277992,total_votes,1295,652
Vermont,Sutton,521,1060,100,227231,111131,Vermont,VT,67.1561818407504,32.8438181592495,-116100,49.1509433498576,99.99999990566036,total_votes,1060,539
Vermont,Swanton,3202,6430,100,227231,111131,Vermont,VT,67.1561818407504,32.8438181592495,-116100,49.79782269832071,99.9999999844479,total_votes,6430,3228
Vermont,Thetford,1888,3798,100,227231,111131,Vermont,VT,67.1561818407504,32.8438181592495,-116100,49.71037386790143,99.99999997367036,total_votes,3798,1910
Vermont,Bethel,1132,2279,100,227231,111131,Vermont,VT,67.1561818407504,32.8438181592495,-116100,49.67090827131597,99.99999995612112,total_votes,2279,1147
Vermont,Addison,862,1732,100,227231,111131,Vermont,VT,67.1561818407504,32.8438181592495,-116100,49.76905308904789,99.99999994226327,total_votes,1732,870
Vermont,Tinmouth,334,675,100,227231,111131,Vermont,VT,67.1561818407504,32.8438181592495,-116100,49.48148140817558,99.99999985185185,total_votes,675,341
Vermont,Topsham,638,1284,100,227231,111131,Vermont,VT,67.1561818407504,32.8438181592495,-116100,49.68847348155103,99.99999992211838,total_votes,1284,646
Vermont,Townshend,748,1517,100,227231,111131,Vermont,VT,67.1561818407504,32.8438181592495,-116100,49.30784439729212,99.99999993408042,total_votes,1517,769
Vermont,Troy,783,1578,100,227231,111131,Vermont,VT,67.1561818407504,32.8438181592495,-116100,49.61977183167314,99.99999993662864,total_votes,1578,795
Vermont,Tunbridge,858,1721,100,227231,111131,Vermont,VT,67.1561818407504,32.8438181592495,-116100,49.85473558985779,99.99999994189425,total_votes,1721,863
Vermont,Underhill,2209,4433,100,227231,111131,Vermont,VT,67.1561818407504,32.8438181592495,-116100,49.83081433570249,99.9999999774419,total_votes,4433,2224
Vermont,Vergennes,1481,2962,100,227231,111131,Vermont,VT,67.1561818407504,32.8438181592495,-116100,49.999999983119515,99.99999996623903,total_votes,2962,1481
Vermont,Vernon,1248,2548,100,227231,111131,Vermont,VT,67.1561818407504,32.8438181592495,-116100,48.97959181751194,99.99999996075354,total_votes,2548,1300
Vermont,Vershire,421,849,100,227231,111131,Vermont,VT,67.1561818407504,32.8438181592495,-116100,49.587750236056834,99.99999988221437,total_votes,849,428
Vermont,Victory,55,110,100,227231,111131,Vermont,VT,67.1561818407504,32.8438181592495,-116100,49.99999954545455,99.9999990909091,total_votes,110,55
Vermont,Bloomfield,129,259,100,227231,111131,Vermont,VT,67.1561818407504,32.8438181592495,-116100,49.806949614644985,99.99999961389962,total_votes,259,130
Vermont,Waitsfield,1230,2478,100,227231,111131,Vermont,VT,67.1561818407504,32.8438181592495,-116100,49.636803854061014,99.99999995964488,total_votes,2478,1248
Vermont,Walden,577,1163,100,227231,111131,Vermont,VT,67.1561818407504,32.8438181592495,-116100,49.61306960480389,99.99999991401548,total_votes,1163,586
Vermont,Wallingford,1279,2577,100,227231,111131,Vermont,VT,67.1561818407504,32.8438181592495,-116100,49.631354268672354,99.9999999611952,total_votes,2577,1298
Vermont,Waltham,326,652,100,227231,111131,Vermont,VT,67.1561818407504,32.8438181592495,-116100,49.999999923312885,99.99999984662577,total_votes,652,326
Vermont,Wardsboro,491,983,100,227231,111131,Vermont,VT,67.1561818407504,32.8438181592495,-116100,49.94913524928877,99.9999998982706,total_votes,983,492
Vermont,Warren,1250,2514,100,227231,111131,Vermont,VT,67.1561818407504,32.8438181592495,-116100,49.72155924832079,99.99999996022275,total_votes,2514,1264
Vermont,Washington,601,1210,100,227231,111131,Vermont,VT,67.1561818407504,32.8438181592495,-116100,49.66942144655419,99.99999991735537,total_votes,1210,609
Vermont,Waterbury,3469,6967,100,227231,111131,Vermont,VT,67.1561818407504,32.8438181592495,-116100,49.79187597964807,99.99999998564661,total_votes,6967,3498
Vermont,Waterford,818,1649,100,227231,111131,Vermont,VT,67.1561818407504,32.8438181592495,-116100,49.60582168004498,99.99999993935718,total_votes,1649,831
Vermont,Waterville,451,905,100,227231,111131,Vermont,VT,67.1561818407504,32.8438181592495,-116100,49.834254088580934,99.99999988950276,total_votes,905,454
Vermont,Bolton,780,1560,100,227231,111131,Vermont,VT,67.1561818407504,32.8438181592495,-116100,49.99999996794872,99.99999993589743,total_votes,1560,780
Vermont,Weathersfield,1786,3578,100,227231,111131,Vermont,VT,67.1561818407504,32.8438181592495,-116100,49.91615426218107,99.99999997205143,total_votes,3578,1792
Vermont,Wells,726,1468,100,227231,111131,Vermont,VT,67.1561818407504,32.8438181592495,-116100,49.455040838245885,99.9999999318801,total_votes,1468,742
Vermont,West Fairlee,351,708,100,227231,111131,Vermont,VT,67.1561818407504,32.8438181592495,-116100,49.5762711164177,99.99999985875706,total_votes,708,357
Vermont,Westfield,343,692,100,227231,111131,Vermont,VT,67.1561818407504,32.8438181592495,-116100,49.566473916811454,99.99999985549132,total_votes,692,349
Vermont,Westford,1413,2838,100,227231,111131,Vermont,VT,67.1561818407504,32.8438181592495,-116100,49.7885834919702,99.99999996476392,total_votes,2838,1425
Vermont,West Haven,150,304,95,227231,111131,Vermont,VT,67.1561818407504,32.8438181592495,-116100,49.342105100848336,99.99999967105263,total_votes,304,154
Vermont,Westminster,1770,3559,100,227231,111131,Vermont,VT,67.1561818407504,32.8438181592495,-116100,49.73307107341021,99.99999997190223,total_votes,3559,1789
Vermont,Westmore,233,473,100,227231,111131,Vermont,VT,67.1561818407504,32.8438181592495,-116100,49.26004217915425,99.99999978858352,total_votes,473,240
Vermont,Weston,454,910,100,227231,111131,Vermont,VT,67.1561818407504,32.8438181592495,-116100,49.89010983528559,99.99999989010989,total_votes,910,456
Vermont,West Rutland,1154,2321,100,227231,111131,Vermont,VT,67.1561818407504,32.8438181592495,-116100,49.719948276725574,99.99999995691513,total_votes,2321,1167
Vermont,Bradford,1474,2968,100,227231,111131,Vermont,VT,67.1561818407504,32.8438181592495,-116100,49.66307275954748,99.99999996630729,total_votes,2968,1494
Vermont,West Windsor,836,1677,100,227231,111131,Vermont,VT,67.1561818407504,32.8438181592495,-116100,49.850924239802666,99.9999999403697,total_votes,1677,841
Vermont,Weybridge,604,1216,100,227231,111131,Vermont,VT,67.1561818407504,32.8438181592495,-116100,49.67105259073104,99.99999991776315,total_votes,1216,612
Vermont,Wheelock,447,899,100,227231,111131,Vermont,VT,67.1561818407504,32.8438181592495,-116100,49.72191318162189,99.99999988876529,total_votes,899,452
Vermont,Whiting,216,434,100,227231,111131,Vermont,VT,67.1561818407504,32.8438181592495,-116100,49.76958513877976,99.99999976958526,total_votes,434,218
Vermont,Whitingham,748,1523,100,227231,111131,Vermont,VT,67.1561818407504,32.8438181592495,-116100,49.113591563287194,99.99999993434011,total_votes,1523,775
Vermont,Williamstown,1851,3713,100,227231,111131,Vermont,VT,67.1561818407504,32.8438181592495,-116100,49.85187178835123,99.9999999730676,total_votes,3713,1862
Vermont,Williston,6829,13702,100,227231,111131,Vermont,VT,67.1561818407504,32.8438181592495,-116100,49.839439494246136,99.99999999270179,total_votes,13702,6873
Vermont,Wilmington,1134,2290,100,227231,111131,Vermont,VT,67.1561818407504,32.8438181592495,-116100,49.51965063339753,99.99999995633189,total_votes,2290,1156
Vermont,Windham,279,561,100,227231,111131,Vermont,VT,67.1561818407504,32.8438181592495,-116100,49.73262023220567,99.99999982174688,total_votes,561,282
Vermont,Windsor,1859,3749,100,227231,111131,Vermont,VT,67.1561818407504,32.8438181592495,-116100,49.586556401817404,99.99999997332623,total_votes,3749,1890
Vermont,Braintree,709,1426,100,227231,111131,Vermont,VT,67.1561818407504,32.8438181592495,-116100,49.71949505629769,99.99999992987377,total_votes,1426,717
Vermont,Winhall,667,1341,100,227231,111131,Vermont,VT,67.1561818407504,32.8438181592495,-116100,49.73900070862117,99.99999992542877,total_votes,1341,674
Vermont,Winooski,3623,7324,100,227231,111131,Vermont,VT,67.1561818407504,32.8438181592495,-116100,49.46750408936817,99.99999998634625,total_votes,7324,3701
Vermont,Wolcott,919,1842,100,227231,111131,Vermont,VT,67.1561818407504,32.8438181592495,-116100,49.89142233990693,99.99999994571118,total_votes,1842,923
Vermont,Woodbury,588,1176,100,227231,111131,Vermont,VT,67.1561818407504,32.8438181592495,-116100,49.999999957482984,99.99999991496597,total_votes,1176,588
Vermont,Woodford,191,387,100,227231,111131,Vermont,VT,67.1561818407504,32.8438181592495,-116100,49.35400504042893,99.99999974160207,total_votes,387,196
Vermont,Woodstock,2087,4196,100,227231,111131,Vermont,VT,67.1561818407504,32.8438181592495,-116100,49.737845555353225,99.99999997616777,total_votes,4196,2109
Vermont,Worcester,621,1245,100,227231,111131,Vermont,VT,67.1561818407504,32.8438181592495,-116100,49.879518032225285,99.9999999196787,total_votes,1245,624
Vermont,Brandon,2172,4356,100,227231,111131,Vermont,VT,67.1561818407504,32.8438181592495,-116100,49.86225894172124,99.99999997704315,total_votes,4356,2184
Vermont,Brattleboro,6475,13138,100,227231,111131,Vermont,VT,67.1561818407504,32.8438181592495,-116100,49.28451818775426,99.9999999923885,total_votes,13138,6663
Vermont,Bridgewater,593,1194,100,227231,111131,Vermont,VT,67.1561818407504,32.8438181592495,-116100,49.664991583195146,99.9999999162479,total_votes,1194,601
Vermont,Bridport,739,1478,100,227231,111131,Vermont,VT,67.1561818407504,32.8438181592495,-116100,49.9999999661705,99.999999932341,total_votes,1478,739
Vermont,Brighton,551,1170,100,227231,111131,Vermont,VT,67.1561818407504,32.8438181592495,-116100,47.09401705376579,99.99999991452991,total_votes,1170,619
Vermont,Bristol,2236,4481,100,227231,111131,Vermont,VT,67.1561818407504,32.8438181592495,-116100,49.899575976366975,99.99999997768354,total_votes,4481,2245
Vermont,Albany,536,1076,100,227231,111131,Vermont,VT,67.1561818407504,32.8438181592495,-116100,49.814126347756385,99.99999990706318,total_votes,1076,540
Vermont,Brookfield,844,1696,100,227231,111131,Vermont,VT,67.1561818407504,32.8438181592495,-116100,49.76415091405415,99.99999994103773,total_votes,1696,852
Vermont,Brookline,329,658,100,227231,111131,Vermont,VT,67.1561818407504,32.8438181592495,-116100,49.99999992401216,99.99999984802432,total_votes,658,329
Vermont,Brownington,477,967,100,227231,111131,Vermont,VT,67.1561818407504,32.8438181592495,-116100,49.32781794278406,99.99999989658738,total_votes,967,490
Vermont,Brunswick,65,130,100,227231,111131,Vermont,VT,67.1561818407504,32.8438181592495,-116100,49.999999615384624,99.99999923076925,total_votes,130,65
Vermont,Burke,908,1832,100,227231,111131,Vermont,VT,67.1561818407504,32.8438181592495,-116100,49.56331875023836,99.99999994541484,total_votes,1832,924
Vermont,Burlington,21721,43939,100,227231,111131,Vermont,VT,67.1561818407504,32.8438181592495,-116100,49.434443204227804,99.99999999772412,total_votes,43939,22218
Vermont,Cabot,874,1766,100,227231,111131,Vermont,VT,67.1561818407504,32.8438181592495,-116100,49.490373697910314,99.99999994337485,total_votes,1766,892
Vermont,Calais,1130,2278,100,227231,111131,Vermont,VT,67.1561818407504,32.8438181592495,-116100,49.60491657172743,99.99999995610185,total_votes,2278,1148
Vermont,Cambridge,2184,4383,100,227231,111131,Vermont,VT,67.1561818407504,32.8438181592495,-116100,49.82888431443557,99.99999997718457,total_votes,4383,2199
Vermont,Canaan,488,986,100,227231,111131,Vermont,VT,67.1561818407504,32.8438181592495,-116100,49.49290055832363,99.99999989858013,total_votes,986,498
Vermont,Alburgh,1069,2148,100,227231,111131,Vermont,VT,67.1561818407504,32.8438181592495,-116100,49.767225302715445,99.99999995344507,total_votes,2148,1079
Vermont,Castleton,2129,4290,100,227231,111131,Vermont,VT,67.1561818407504,32.8438181592495,-116100,49.627039615471546,99.99999997668996,total_votes,4290,2161
Vermont,Cavendish,780,1572,100,227231,111131,Vermont,VT,67.1561818407504,32.8438181592495,-116100,49.61832057912321,99.99999993638676,total_votes,1572,792
Vermont,Charleston,524,1065,100,227231,111131,Vermont,VT,67.1561818407504,32.8438181592495,-116100,49.20187788807335,99.99999990610327,total_votes,1065,541
Vermont,Charlotte,2850,5736,100,227231,111131,Vermont,VT,67.1561818407504,32.8438181592495,-116100,49.68619245995708,99.99999998256625,total_votes,5736,2886
Vermont,Chelsea,730,1460,100,227231,111131,Vermont,VT,67.1561818407504,32.8438181592495,-116100,49.999999965753425,99.99999993150685,total_votes,1460,730
Vermont,Chester,1742,3514,100,227231,111131,Vermont,VT,67.1561818407504,32.8438181592495,-116100,49.57313601321197,99.99999997154241,total_votes,3514,1772
Vermont,Chittenden,844,1697,100,227231,111131,Vermont,VT,67.1561818407504,32.8438181592495,-116100,49.734826134511,99.99999994107247,total_votes,1697,853
Vermont,Clarendon,1448,2917,100,227231,111131,Vermont,VT,67.1561818407504,32.8438181592495,-116100,49.64004112113815,99.99999996571822,total_votes,2917,1469
Vermont,Colchester,9499,19093,100,227231,111131,Vermont,VT,67.1561818407504,32.8438181592495,-116100,49.75121772116738,99.99999999476248,total_votes,19093,9594
Vermont,Concord,627,1257,100,227231,111131,Vermont,VT,67.1561818407504,32.8438181592495,-116100,49.88066821807425,99.99999992044549,total_votes,1257,630
Vermont,Andover,357,722,100,227231,111131,Vermont,VT,67.1561818407504,32.8438181592495,-116100,49.44598331101665,99.99999986149585,total_votes,722,365
Vermont,Corinth,821,1651,100,227231,111131,Vermont,VT,67.1561818407504,32.8438181592495,-116100,49.72743788629471,99.99999993943064,total_votes,1651,830
Vermont,Cornwall,847,1697,100,227231,111131,Vermont,VT,67.1561818407504,32.8438181592495,-116100,49.91160869186116,99.99999994107247,total_votes,1697,850
Vermont,Coventry,562,1130,100,227231,111131,Vermont,VT,67.1561818407504,32.8438181592495,-116100,49.73451323032344,99.99999991150442,total_votes,1130,568
Vermont,Craftsbury,763,1537,100,227231,111131,Vermont,VT,67.1561818407504,32.8438181592495,-116100,49.64216001975136,99.99999993493819,total_votes,1537,774
Vermont,Danby,748,1503,100,227231,111131,Vermont,VT,67.1561818407504,32.8438181592495,-116100,49.76713236875107,99.99999993346638,total_votes,1503,755
Vermont,Danville,1466,2935,100,227231,111131,Vermont,VT,67.1561818407504,32.8438181592495,-116100,49.948892657598336,99.99999996592845,total_votes,2935,1469
Vermont,Derby,2471,4986,100,227231,111131,Vermont,VT,67.1561818407504,32.8438181592495,-116100,49.55876453077441,99.99999997994384,total_votes,4986,2515
Vermont,Dorset,1391,2804,100,227231,111131,Vermont,VT,67.1561818407504,32.8438181592495,-116100,49.607703263335345,99.99999996433667,total_votes,2804,1413
Vermont,Dover,950,1900,100,227231,111131,Vermont,VT,67.1561818407504,32.8438181592495,-116100,49.999999973684204,99.99999994736841,total_votes,1900,950
Vermont,Dummerston,1320,2677,100,227231,111131,Vermont,VT,67.1561818407504,32.8438181592495,-116100,49.30892788595109,99.99999996264476,total_votes,2677,1357
Vermont,Arlington,1458,2943,100,227231,111131,Vermont,VT,67.1561818407504,32.8438181592495,-116100,49.541284386836125,99.99999996602106,total_votes,2943,1485
Vermont,Duxbury,909,1823,100,227231,111131,Vermont,VT,67.1561818407504,32.8438181592495,-116100,49.862863384606214,99.99999994514536,total_votes,1823,914
Vermont,East Haven,140,280,100,227231,111131,Vermont,VT,67.1561818407504,32.8438181592495,-116100,49.99999982142857,99.99999964285713,total_votes,280,140
Vermont,East Montpelier,1741,3505,100,227231,111131,Vermont,VT,67.1561818407504,32.8438181592495,-116100,49.67189727541459,99.99999997146934,total_votes,3505,1764
Vermont,Eden,622,1256,100,227231,111131,Vermont,VT,67.1561818407504,32.8438181592495,-116100,49.522292954201994,99.99999992038215,total_votes,1256,634
Vermont,Elmore,607,1214,100,227231,111131,Vermont,VT,67.1561818407504,32.8438181592495,-116100,49.99999995881383,99.99999991762766,total_votes,1214,607
Vermont,Enosburgh,1270,2544,100,227231,111131,Vermont,VT,67.1561818407504,32.8438181592495,-116100,49.92138362817556,99.99999996069184,total_votes,2544,1274
Vermont,Essex,13278,26692,100,227231,111131,Vermont,VT,67.1561818407504,32.8438181592495,-116100,49.74524201821725,99.99999999625355,total_votes,26692,13414
Vermont,Fairfax,2977,5671,95,227231,111131,Vermont,VT,67.1561818407504,32.8438181592495,-116100,52.495150757803714,99.99999998236642,total_votes,5671,2694
Vermont,Fairfield,1136,2276,100,227231,111131,Vermont,VT,67.1561818407504,32.8438181592495,-116100,49.91212651585584,99.99999995606328,total_votes,2276,1140
Vermont,Fair Haven,1298,2606,100,227231,111131,Vermont,VT,67.1561818407504,32.8438181592495,-116100,49.8081350537958,99.99999996162701,total_votes,2606,1308
Vermont,Athens,210,424,100,227231,111131,Vermont,VT,67.1561818407504,32.8438181592495,-116100,49.52830176998042,99.99999976415094,total_votes,424,214
Vermont,Fairlee,629,1258,100,227231,111131,Vermont,VT,67.1561818407504,32.8438181592495,-116100,49.999999960254364,99.99999992050873,total_votes,1258,629
Vermont,Fayston,954,1925,100,227231,111131,Vermont,VT,67.1561818407504,32.8438181592495,-116100,49.55844153269691,99.99999994805194,total_votes,1925,971
Vermont,Ferrisburg,1815,3645,100,227231,111131,Vermont,VT,67.1561818407504,32.8438181592495,-116100,49.7942386694666,99.99999997256516,total_votes,3645,1830
Vermont,Fletcher,820,1644,100,227231,111131,Vermont,VT,67.1561818407504,32.8438181592495,-116100,49.878345468443825,99.99999993917274,total_votes,1644,824
Vermont,Franklin,763,1526,100,227231,111131,Vermont,VT,67.1561818407504,32.8438181592495,-116100,49.9999999672346,99.9999999344692,total_votes,1526,763
Vermont,Georgia,2899,5816,100,227231,111131,Vermont,VT,67.1561818407504,32.8438181592495,-116100,49.845254461856044,99.99999998280605,total_votes,5816,2917
Vermont,Glover,659,1325,100,227231,111131,Vermont,VT,67.1561818407504,32.8438181592495,-116100,49.73584901906728,99.9999999245283,total_votes,1325,666
Vermont,Goshen,129,258,100,227231,111131,Vermont,VT,67.1561818407504,32.8438181592495,-116100,49.99999980620155,99.9999996124031,total_votes,258,129
Vermont,Grafton,411,822,100,227231,111131,Vermont,VT,67.1561818407504,32.8438181592495,-116100,49.99999993917275,99.9999998783455,total_votes,822,411
Vermont,Granby,43,86,100,227231,111131,Vermont,VT,67.1561818407504,32.8438181592495,-116100,49.99999941860466,99.99999883720932,total_votes,86,43
Vermont,Bakersfield,696,1392,100,227231,111131,Vermont,VT,67.1561818407504,32.8438181592495,-116100,49.99999996408045,99.9999999281609,total_votes,1392,696
Vermont,Grand Isle,1400,2809,100,227231,111131,Vermont,VT,67.1561818407504,32.8438181592495,-116100,49.83980062305454,99.99999996440015,total_votes,2809,1409
Vermont,Granville,164,333,100,227231,111131,Vermont,VT,67.1561818407504,32.8438181592495,-116100,49.24924910135361,99.9999996996997,total_votes,333,169
Vermont,Greensboro,483,974,100,227231,111131,Vermont,VT,67.1561818407504,32.8438181592495,-116100,49.58932233101712,99.9999998973306,total_votes,974,491
Vermont,Groton,537,1086,100,227231,111131,Vermont,VT,67.1561818407504,32.8438181592495,-116100,49.447513766622905,99.99999990791896,total_votes,1086,549
Vermont,Guildhall,171,345,100,227231,111131,Vermont,VT,67.1561818407504,32.8438181592495,-116100,49.56521724763705,99.99999971014492,total_votes,345,174
Vermont,Guilford,1328,2682,100,227231,111131,Vermont,VT,67.1561818407504,32.8438181592495,-116100,49.51528708071764,99.9999999627144,total_votes,2682,1354
Vermont,Halifax,475,967,100,227231,111131,Vermont,VT,67.1561818407504,32.8438181592495,-116100,49.120992710319555,99.99999989658738,total_votes,967,492
Vermont,Hancock,171,342,100,227231,111131,Vermont,VT,67.1561818407504,32.8438181592495,-116100,49.99999985380117,99.99999970760234,total_votes,342,171
Vermont,Hardwick,1564,3141,100,227231,111131,Vermont,VT,67.1561818407504,32.8438181592495,-116100,49.793059519327265,99.99999996816301,total_votes,3141,1577
Vermont,Hartford,6162,12426,100,227231,111131,Vermont,VT,67.1561818407504,32.8438181592495,-116100,49.58957025192422,99.99999999195236,total_votes,12426,6264
Vermont,Baltimore,139,282,100,227231,111131,Vermont,VT,67.1561818407504,32.8438181592495,-116100,49.29077996705397,99.99999964539008,total_votes,282,143
Vermont,Hartland,2157,4355,100,227231,111131,Vermont,VT,67.1561818407504,32.8438181592495,-116100,49.52927668208282,99.99999997703787,total_votes,4355,2198
Vermont,Highgate,1716,3442,100,227231,111131,Vermont,VT,67.1561818407504,32.8438181592495,-116100,49.85473560434203,99.99999997094713,total_votes,3442,1726
Vermont,Hinesburg,3054,6138,100,227231,111131,Vermont,VT,67.1561818407504,32.8438181592495,-116100,49.75562071525649,99.99999998370804,total_votes,6138,3084
Vermont,Holland,351,709,100,227231,111131,Vermont,VT,67.1561818407504,32.8438181592495,-116100,49.506346897734346,99.99999985895627,total_votes,709,358
Vermont,Hubbardton,421,848,100,227231,111131,Vermont,VT,67.1561818407504,32.8438181592495,-116100,49.64622635654926,99.99999988207547,total_votes,848,427
Vermont,Huntington,1401,2806,100,227231,111131,Vermont,VT,67.1561818407504,32.8438181592495,-116100,49.92872414471535,99.99999996436209,total_votes,2806,1405
Vermont,Hyde Park,1718,3449,100,227231,111131,Vermont,VT,67.1561818407504,32.8438181592495,-116100,49.81153956224658,99.99999997100609,total_votes,3449,1731
Vermont,Ira,258,520,100,227231,111131,Vermont,VT,67.1561818407504,32.8438181592495,-116100,49.61538451997041,99.9999998076923,total_votes,520,262
Vermont,Irasburg,665,1303,95,227231,111131,Vermont,VT,67.1561818407504,32.8438181592495,-116100,51.03607056712504,99.99999992325402,total_votes,1303,638
Vermont,Isle La Motte,349,698,100,227231,111131,Vermont,VT,67.1561818407504,32.8438181592495,-116100,49.99999992836676,99.99999985673352,total_votes,698,349
Vermont,Barnard,664,1333,100,227231,111131,Vermont,VT,67.1561818407504,32.8438181592495,-116100,49.81245307590964,99.99999992498124,total_votes,1333,669
Washington,Adams County,5840,11702,100,2303430,1514563,Washington,WA,60.3309120786758,39.6690879213241,-788867,49.90599897026953,99.99999999145444,total_votes,11702,5862
Washington,Asotin County,11869,23820,100,2303430,1514563,Washington,WA,60.3309120786758,39.6690879213241,-788867,49.82787573258489,99.99999999580184,total_votes,23820,11951
Washington,Benton County,102519,205552,100,2303430,1514563,Washington,WA,60.3309120786758,39.6690879213241,-788867,49.87497081006327,99.9999999995135,total_votes,205552,103033
Washington,Chelan County,43046,86352,100,2303430,1514563,Washington,WA,60.3309120786758,39.6690879213241,-788867,49.84945339945978,99.99999999884196,total_votes,86352,43306
Washington,Clallam County,49088,98352,100,2303430,1514563,Washington,WA,60.3309120786758,39.6690879213241,-788867,49.910525459066314,99.99999999898324,total_votes,98352,49264
Washington,Clark County,271895,547298,100,2303430,1514563,Washington,WA,60.3309120786758,39.6690879213241,-788867,49.67951646077698,99.99999999981728,total_votes,547298,275403
Washington,Columbia County,2475,4970,100,2303430,1514563,Washington,WA,60.3309120786758,39.6690879213241,-788867,49.798792746519354,99.99999997987928,total_votes,4970,2495
Washington,Cowlitz County,59859,120139,100,2303430,1514563,Washington,WA,60.3309120786758,39.6690879213241,-788867,49.82478628880027,99.99999999916763,total_votes,120139,60280
Washington,Douglas County,21224,42532,100,2303430,1514563,Washington,WA,60.3309120786758,39.6690879213241,-788867,49.90125082173654,99.99999999764883,total_votes,42532,21308
Washington,Ferry County,4368,8736,100,2303430,1514563,Washington,WA,60.3309120786758,39.6690879213241,-788867,49.99999999427656,99.99999998855311,total_votes,8736,4368
Washington,Franklin County,32387,64791,100,2303430,1514563,Washington,WA,60.3309120786758,39.6690879213241,-788867,49.98688089317981,99.99999999845657,total_votes,64791,32404
Washington,Garfield County,1478,2967,100,2303430,1514563,Washington,WA,60.3309120786758,39.6690879213241,-788867,49.8146275531464,99.99999996629593,total_votes,2967,1489
Washington,Grant County,37526,75206,100,2303430,1514563,Washington,WA,60.3309120786758,39.6690879213241,-788867,49.89761455136695,99.99999999867033,total_votes,75206,37680
Washington,Grays Harbor County,38307,76748,100,2303430,1514563,Washington,WA,60.3309120786758,39.6690879213241,-788867,49.912701307527065,99.99999999869704,total_votes,76748,38441
Washington,Island County,53537,107462,100,2303430,1514563,Washington,WA,60.3309120786758,39.6690879213241,-788867,49.81947106837934,99.99999999906944,total_votes,107462,53925
Washington,Jefferson County,24702,49494,100,2303430,1514563,Washington,WA,60.3309120786758,39.6690879213241,-788867,49.909079887462944,99.99999999797954,total_votes,49494,24792
Washington,King County,1198049,2408556,100,2303430,1514563,Washington,WA,60.3309120786758,39.6690879213241,-788867,49.741380312498556,99.99999999995849,total_votes,2408556,1210507
Washington,Kitsap County,157584,316256,100,2303430,1514563,Washington,WA,60.3309120786758,39.6690879213241,-788867,49.82798745304491,99.9999999996838,total_votes,316256,158672
Washington,Kittitas County,26183,52547,100,2303430,1514563,Washington,WA,60.3309120786758,39.6690879213241,-788867,49.827773230634904,99.99999999809694,total_votes,52547,26364
Washington,Klickitat County,13455,27015,100,2303430,1514563,Washington,WA,60.3309120786758,39.6690879213241,-788867,49.80566351842289,99.99999999629836,total_votes,27015,13560
Washington,Lewis County,45249,90558,100,2303430,1514563,Washington,WA,60.3309120786758,39.6690879213241,-788867,49.96687205934355,99.99999999889575,total_votes,90558,45309
Washington,Lincoln County,7002,14035,100,2303430,1514563,Washington,WA,60.3309120786758,39.6690879213241,-788867,49.88956180620666,99.99999999287496,total_votes,14035,7033
Washington,Mason County,37168,74471,100,2303430,1514563,Washington,WA,60.3309120786758,39.6690879213241,-788867,49.909360690068496,99.9999999986572,total_votes,74471,37303
Washington,Okanogan County,21195,42477,100,2303430,1514563,Washington,WA,60.3309120786758,39.6690879213241,-788867,49.897591636652834,99.99999999764579,total_votes,42477,21282
Washington,Pacific County,14018,28082,100,2303430,1514563,Washington,WA,60.3309120786758,39.6690879213241,-788867,49.91809699986048,99.999999996439,total_votes,28082,14064
Washington,Pend Oreille County,8503,17056,100,2303430,1514563,Washington,WA,60.3309120786758,39.6690879213241,-788867,49.85342401208646,99.99999999413696,total_votes,17056,8553
Washington,Pierce County,460731,924812,100,2303430,1514563,Washington,WA,60.3309120786758,39.6690879213241,-788867,49.81888210787726,99.99999999989187,total_votes,924812,464081
Washington,San Juan County,13109,26306,100,2303430,1514563,Washington,WA,60.3309120786758,39.6690879213241,-788867,49.832737776559235,99.99999999619858,total_votes,26306,13197
Washington,Skagit County,73079,146502,100,2303430,1514563,Washington,WA,60.3309120786758,39.6690879213241,-788867,49.88259545910716,99.99999999931741,total_votes,146502,73423
Washington,Skamania County,7260,14572,100,2303430,1514563,Washington,WA,60.3309120786758,39.6690879213241,-788867,49.82157562106632,99.99999999313752,total_votes,14572,7312
Washington,Snohomish County,436280,875076,100,2303430,1514563,Washington,WA,60.3309120786758,39.6690879213241,-788867,49.85624105786257,99.99999999988573,total_votes,875076,438796
Washington,Spokane County,293925,589355,100,2303430,1514563,Washington,WA,60.3309120786758,39.6690879213241,-788867,49.87231804252128,99.99999999983032,total_votes,589355,295430
Washington,Stevens County,28371,56801,100,2303430,1514563,Washington,WA,60.3309120786758,39.6690879213241,-788867,49.94806429376335,99.99999999823946,total_votes,56801,28430
Washington,Thurston County,166800,334934,100,2303430,1514563,Washington,WA,60.3309120786758,39.6690879213241,-788867,49.80085628795583,99.99999999970143,total_votes,334934,168134
Washington,Wahkiakum County,2970,5951,100,2303430,1514563,Washington,WA,60.3309120786758,39.6690879213241,-788867,49.90757854983909,99.99999998319609,total_votes,5951,2981
Washington,Walla Walla County,30989,62250,100,2303430,1514563,Washington,WA,60.3309120786758,39.6690879213241,-788867,49.78152610361797,99.99999999839358,total_votes,62250,31261
Washington,Whatcom County,137935,276555,100,2303430,1514563,Washington,WA,60.3309120786758,39.6690879213241,-788867,49.87615483339706,99.9999999996384,total_votes,276555,138620
Washington,Whitman County,20934,42060,100,2303430,1514563,Washington,WA,60.3309120786758,39.6690879213241,-788867,49.771754635050605,99.99999999762245,total_votes,42060,21126
Washington,Yakima County,95545,191738,100,2303430,1514563,Washington,WA,60.3309120786758,39.6690879213241,-788867,49.83101941164594,99.99999999947845,total_votes,191738,96193
West Virginia,Barbour County,6552,13229,100,232502,539610,West Virginia,WV,30.112470729635,69.8875292703649,307108,49.52755309928736,99.99999999244085,total_votes,13229,6677
West Virginia,Berkeley County,47897,99432,100,232502,539610,West Virginia,WV,30.112470729635,69.8875292703649,307108,48.17060905897326,99.9999999989943,total_votes,99432,51535
West Virginia,Boone County,8992,18004,100,232502,539610,West Virginia,WV,30.112470729635,69.8875292703649,307108,49.94445678460651,99.99999999444567,total_votes,18004,9012
West Virginia,Braxton County,5545,11209,100,232502,539610,West Virginia,WV,30.112470729635,69.8875292703649,307108,49.46917655014103,99.9999999910786,total_votes,11209,5664
West Virginia,Brooke County,10409,21065,100,232502,539610,West Virginia,WV,30.112470729635,69.8875292703649,307108,49.41371943748333,99.9999999952528,total_votes,21065,10656
West Virginia,Cabell County,36185,73545,100,232502,539610,West Virginia,WV,30.112470729635,69.8875292703649,307108,49.20116935142836,99.9999999986403,total_votes,73545,37360
West Virginia,Calhoun County,2886,5857,100,232502,539610,West Virginia,WV,30.112470729635,69.8875292703649,307108,49.27437253725894,99.9999999829264,total_votes,5857,2971
West Virginia,Clay County,3218,6583,100,232502,539610,West Virginia,WV,30.112470729635,69.8875292703649,307108,48.88348776410702,99.99999998480935,total_votes,6583,3365
West Virginia,Doddridge County,2964,6065,100,232502,539610,West Virginia,WV,30.112470729635,69.8875292703649,307108,48.87056882953494,99.99999998351194,total_votes,6065,3101
West Virginia,Fayette County,16691,33553,100,232502,539610,West Virginia,WV,30.112470729635,69.8875292703649,307108,49.74517926713721,99.99999999701964,total_votes,33553,16862
West Virginia,Gilmer County,2580,5242,100,232502,539610,West Virginia,WV,30.112470729635,69.8875292703649,307108,49.217855770847414,99.9999999809233,total_votes,5242,2662
West Virginia,Grant County,5157,10666,100,232502,539610,West Virginia,WV,30.112470729635,69.8875292703649,307108,48.3498968640212,99.99999999062442,total_votes,10666,5509
West Virginia,Greenbrier County,15724,31525,95,232502,539610,West Virginia,WV,30.112470729635,69.8875292703649,307108,49.877874701034806,99.99999999682791,total_votes,31525,15801
West Virginia,Hampshire County,9827,19913,100,232502,539610,West Virginia,WV,30.112470729635,69.8875292703649,307108,49.34967106667254,99.99999999497815,total_votes,19913,10086
West Virginia,Hancock County,13511,27311,100,232502,539610,West Virginia,WV,30.112470729635,69.8875292703649,307108,49.47090915567094,99.99999999633847,total_votes,27311,13800
West Virginia,Hardy County,6120,12451,100,232502,539610,West Virginia,WV,30.112470729635,69.8875292703649,307108,49.152678495771205,99.99999999196851,total_votes,12451,6331
West Virginia,Harrison County,30237,60702,100,232502,539610,West Virginia,WV,30.112470729635,69.8875292703649,307108,49.812197290866656,99.9999999983526,total_votes,60702,30465
West Virginia,Jackson County,12751,26259,100,232502,539610,West Virginia,WV,30.112470729635,69.8875292703649,307108,48.558589434153674,99.99999999619178,total_votes,26259,13508
West Virginia,Jefferson County,26818,54521,100,232502,539610,West Virginia,WV,30.112470729635,69.8875292703649,307108,49.1883861255445,99.99999999816585,total_votes,54521,27703
West Virginia,Kanawha County,82003,164247,100,232502,539610,West Virginia,WV,30.112470729635,69.8875292703649,307108,49.92663488496029,99.99999999939115,total_votes,164247,82244
West Virginia,Lewis County,7325,14782,100,232502,539610,West Virginia,WV,30.112470729635,69.8875292703649,307108,49.55351102357235,99.99999999323501,total_votes,14782,7457
West Virginia,Lincoln County,7578,15408,100,232502,539610,West Virginia,WV,30.112470729635,69.8875292703649,307108,49.18224298746221,99.99999999350986,total_votes,15408,7830
West Virginia,Logan County,12745,25771,100,232502,539610,West Virginia,WV,30.112470729635,69.8875292703649,307108,49.45481354819546,99.99999999611967,total_votes,25771,13026
West Virginia,Mcdowell County,6280,12807,100,232502,539610,West Virginia,WV,30.112470729635,69.8875292703649,307108,49.03568360669667,99.99999999219177,total_votes,12807,6527
West Virginia,Marion County,25631,51425,100,232502,539610,West Virginia,WV,30.112470729635,69.8875292703649,307108,49.84151677102885,99.99999999805542,total_votes,51425,25794
West Virginia,Marshall County,13803,27883,100,232502,539610,West Virginia,WV,30.112470729635,69.8875292703649,307108,49.50328156763966,99.99999999641358,total_votes,27883,14080
West Virginia,Mason County,11122,22325,100,232502,539610,West Virginia,WV,30.112470729635,69.8875292703649,307108,49.81858902352436,99.99999999552071,total_votes,22325,11203
West Virginia,Mercer County,24947,50081,100,232502,539610,West Virginia,WV,30.112470729635,69.8875292703649,307108,49.81330244903629,99.99999999800323,total_votes,50081,25134
West Virginia,Mineral County,12589,25461,100,232502,539610,West Virginia,WV,30.112470729635,69.8875292703649,307108,49.4442480637271,99.99999999607242,total_votes,25461,12872
West Virginia,Mingo County,9684,19706,100,232502,539610,West Virginia,WV,30.112470729635,69.8875292703649,307108,49.14239317724844,99.9999999949254,total_votes,19706,10022
West Virginia,Monongalia County,41757,83829,100,232502,539610,West Virginia,WV,30.112470729635,69.8875292703649,307108,49.81211752436732,99.9999999988071,total_votes,83829,42072
West Virginia,Monroe County,6223,12713,100,232502,539610,West Virginia,WV,30.112470729635,69.8875292703649,307108,48.949893805635966,99.99999999213404,total_votes,12713,6490
West Virginia,Morgan County,8347,17042,100,232502,539610,West Virginia,WV,30.112470729635,69.8875292703649,307108,48.97899307305604,99.99999999413214,total_votes,17042,8695
West Virginia,Nicholas County,10517,21147,100,232502,539610,West Virginia,WV,30.112470729635,69.8875292703649,307108,49.73282262024245,99.9999999952712,total_votes,21147,10630
West Virginia,Ohio County,19654,39552,100,232502,539610,West Virginia,WV,30.112470729635,69.8875292703649,307108,49.69154530618701,99.99999999747168,total_votes,39552,19898
West Virginia,Pendleton County,3583,7242,100,232502,539610,West Virginia,WV,30.112470729635,69.8875292703649,307108,49.47528306414315,99.99999998619165,total_votes,7242,3659
West Virginia,Pleasants County,3392,6883,100,232502,539610,West Virginia,WV,30.112470729635,69.8875292703649,307108,49.28083683723945,99.99999998547145,total_votes,6883,3491
West Virginia,Pocahontas County,3851,7859,100,232502,539610,West Virginia,WV,30.112470729635,69.8875292703649,307108,49.0011451776306,99.99999998727573,total_votes,7859,4008
West Virginia,Preston County,14008,28580,100,232502,539610,West Virginia,WV,30.112470729635,69.8875292703649,307108,49.013296009481685,99.99999999650105,total_votes,28580,14572
West Virginia,Putnam County,28370,56871,100,232502,539610,West Virginia,WV,30.112470729635,69.8875292703649,307108,49.88482706388344,99.99999999824163,total_votes,56871,28501
West Virginia,Raleigh County,32698,65804,100,232502,539610,West Virginia,WV,30.112470729635,69.8875292703649,307108,49.689988449795,99.99999999848035,total_votes,65804,33106
West Virginia,Randolph County,11718,23918,100,232502,539610,West Virginia,WV,30.112470729635,69.8875292703649,307108,48.99239066606771,99.99999999581904,total_votes,23918,12200
West Virginia,Ritchie County,4082,8365,100,232502,539610,West Virginia,WV,30.112470729635,69.8875292703649,307108,48.79856544545145,99.99999998804542,total_votes,8365,4283
West Virginia,Roane County,5660,11423,100,232502,539610,West Virginia,WV,30.112470729635,69.8875292703649,307108,49.54915520882875,99.99999999124573,total_votes,11423,5763
West Virginia,Summers County,5524,11109,100,232502,539610,West Virginia,WV,30.112470729635,69.8875292703649,307108,49.725447830612524,99.99999999099829,total_votes,11109,5585
West Virginia,Taylor County,7192,14575,100,232502,539610,West Virginia,WV,30.112470729635,69.8875292703649,307108,49.344768435722486,99.99999999313893,total_votes,14575,7383
West Virginia,Tucker County,3751,7595,100,232502,539610,West Virginia,WV,30.112470729635,69.8875292703649,307108,49.38775509553815,99.99999998683344,total_votes,7595,3844
West Virginia,Tyler County,3766,7688,100,232502,539610,West Virginia,WV,30.112470729635,69.8875292703649,307108,48.98543183545975,99.99999998699272,total_votes,7688,3922
West Virginia,Upshur County,9930,20151,100,232502,539610,West Virginia,WV,30.112470729635,69.8875292703649,307108,49.27795146398303,99.99999999503747,total_votes,20151,10221
West Virginia,Wayne County,16602,33549,100,232502,539610,West Virginia,WV,30.112470729635,69.8875292703649,307108,49.48582669976793,99.99999999701929,total_votes,33549,16947
West Virginia,Webster County,3339,6741,100,232502,539610,West Virginia,WV,30.112470729635,69.8875292703649,307108,49.532710273025856,99.9999999851654,total_votes,6741,3402
West Virginia,Wetzel County,6553,13220,100,232502,539610,West Virginia,WV,30.112470729635,69.8875292703649,307108,49.56883509458632,99.9999999924357,total_votes,13220,6667
West Virginia,Wirt County,2544,5197,100,232502,539610,West Virginia,WV,30.112470729635,69.8875292703649,307108,48.95131805869707,99.99999998075812,total_votes,5197,2653
West Virginia,Wood County,38435,77197,100,232502,539610,West Virginia,WV,30.112470729635,69.8875292703649,307108,49.78820420418167,99.99999999870462,total_votes,77197,38762
West Virginia,Wyoming County,8320,16912,100,232502,539610,West Virginia,WV,30.112470729635,69.8875292703649,307108,49.19583727239854,99.99999999408703,total_votes,16912,8592
